数据年月,贸易伙伴编码,贸易伙伴名称,注册地编码,注册地名称,美元
201607,101,阿富汗,11,北京市,249
201607,101,阿富汗,13,河北省,110550
201607,101,阿富汗,31,上海市,1619
201607,101,阿富汗,32,江苏省,153
201607,101,阿富汗,43,湖南省,2112
201607,101,阿富汗,44,广东省,31645
201607,101,阿富汗,53,云南省,1436
201607,101,阿富汗,63,青海省,472788
201607,101,阿富汗,65,新疆维吾尔自治区,2839
201607,102,巴林,11,北京市,137125
201607,102,巴林,12,天津市,151866
201607,102,巴林,13,河北省,12173
201607,102,巴林,21,辽宁省,24882
201607,102,巴林,31,上海市,14146
201607,102,巴林,32,江苏省,2294394
201607,102,巴林,33,浙江省,2538771
201607,102,巴林,35,福建省,2034126
201607,102,巴林,37,山东省,73451
201607,102,巴林,44,广东省,236525
201607,102,巴林,45,广西壮族自治区,400
201607,102,巴林,51,四川省,20
201607,103,孟加拉国,11,北京市,7657193
201607,103,孟加拉国,12,天津市,4636142
201607,103,孟加拉国,13,河北省,483721
201607,103,孟加拉国,21,辽宁省,93848
201607,103,孟加拉国,22,吉林省,138379
201607,103,孟加拉国,31,上海市,37599324
201607,103,孟加拉国,32,江苏省,5761197
201607,103,孟加拉国,33,浙江省,2576978
201607,103,孟加拉国,34,安徽省,382653
201607,103,孟加拉国,35,福建省,1919539
201607,103,孟加拉国,36,江西省,1287382
201607,103,孟加拉国,37,山东省,749006
201607,103,孟加拉国,41,河南省,1121431
201607,103,孟加拉国,42,湖北省,2
201607,103,孟加拉国,43,湖南省,318309
201607,103,孟加拉国,44,广东省,8993541
201607,103,孟加拉国,45,广西壮族自治区,17670
201607,103,孟加拉国,46,海南省,71399
201607,103,孟加拉国,50,重庆市,5245
201607,103,孟加拉国,51,四川省,51003
201607,103,孟加拉国,53,云南省,416006
201607,103,孟加拉国,61,陕西省,2020
201607,103,孟加拉国,63,青海省,25999
201607,103,孟加拉国,64,宁夏回族自治区,91624
201607,103,孟加拉国,65,新疆维吾尔自治区,10496
201607,104,不丹,11,北京市,41
201607,104,不丹,21,辽宁省,40000
201607,104,不丹,31,上海市,10
201607,104,不丹,45,广西壮族自治区,367
201607,105,文莱,11,北京市,305
201607,105,文莱,31,上海市,1142438
201607,105,文莱,32,江苏省,1140000
201607,105,文莱,33,浙江省,4839589
201607,105,文莱,35,福建省,211902
201607,105,文莱,44,广东省,878
201607,105,文莱,45,广西壮族自治区,66
201607,106,缅甸,11,北京市,2451389
201607,106,缅甸,12,天津市,389
201607,106,缅甸,13,河北省,627200
201607,106,缅甸,21,辽宁省,64626
201607,106,缅甸,31,上海市,4724999
201607,106,缅甸,32,江苏省,1569100
201607,106,缅甸,33,浙江省,706147
201607,106,缅甸,35,福建省,1084638
201607,106,缅甸,36,江西省,701974
201607,106,缅甸,37,山东省,2070858
201607,106,缅甸,41,河南省,45679
201607,106,缅甸,42,湖北省,529
201607,106,缅甸,43,湖南省,578091
201607,106,缅甸,44,广东省,6050317
201607,106,缅甸,45,广西壮族自治区,435
201607,106,缅甸,51,四川省,20
201607,106,缅甸,53,云南省,226054726
201607,107,柬埔寨,11,北京市,5032620
201607,107,柬埔寨,12,天津市,822243
201607,107,柬埔寨,13,河北省,5324112
201607,107,柬埔寨,15,内蒙古自治区,1040
201607,107,柬埔寨,21,辽宁省,6965229
201607,107,柬埔寨,31,上海市,25899044
201607,107,柬埔寨,32,江苏省,17600094
201607,107,柬埔寨,33,浙江省,8484455
201607,107,柬埔寨,34,安徽省,25
201607,107,柬埔寨,35,福建省,1615570
201607,107,柬埔寨,36,江西省,68068
201607,107,柬埔寨,37,山东省,590391
201607,107,柬埔寨,41,河南省,7648
201607,107,柬埔寨,42,湖北省,30
201607,107,柬埔寨,43,湖南省,156313
201607,107,柬埔寨,44,广东省,24763793
201607,107,柬埔寨,45,广西壮族自治区,6134074
201607,107,柬埔寨,46,海南省,66461
201607,107,柬埔寨,50,重庆市,1629
201607,107,柬埔寨,51,四川省,4296
201607,107,柬埔寨,61,陕西省,2530
201607,107,柬埔寨,65,新疆维吾尔自治区,142
201607,108,塞浦路斯,11,北京市,220475
201607,108,塞浦路斯,12,天津市,79703
201607,108,塞浦路斯,31,上海市,252048
201607,108,塞浦路斯,33,浙江省,130310
201607,108,塞浦路斯,35,福建省,7375
201607,108,塞浦路斯,43,湖南省,396
201607,108,塞浦路斯,44,广东省,170428
201607,108,塞浦路斯,45,广西壮族自治区,248
201607,108,塞浦路斯,51,四川省,3206520
201607,109,朝鲜,11,北京市,1138718
201607,109,朝鲜,12,天津市,1350373
201607,109,朝鲜,13,河北省,4469441
201607,109,朝鲜,21,辽宁省,74700903
201607,109,朝鲜,22,吉林省,44537482
201607,109,朝鲜,31,上海市,522181
201607,109,朝鲜,32,江苏省,4826580
201607,109,朝鲜,33,浙江省,17171723
201607,109,朝鲜,35,福建省,22138603
201607,109,朝鲜,37,山东省,56468798
201607,109,朝鲜,42,湖北省,600
201607,109,朝鲜,43,湖南省,6156
201607,109,朝鲜,44,广东省,798638
201607,109,朝鲜,45,广西壮族自治区,362
201607,109,朝鲜,46,海南省,45
201607,109,朝鲜,51,四川省,4658826
201607,109,朝鲜,62,甘肃省,266674
201607,110,中国香港,11,北京市,1295092026
201607,110,中国香港,12,天津市,6316368
201607,110,中国香港,13,河北省,1425344
201607,110,中国香港,15,内蒙古自治区,39400
201607,110,中国香港,21,辽宁省,4453844
201607,110,中国香港,22,吉林省,183434
201607,110,中国香港,23,黑龙江省,46246
201607,110,中国香港,31,上海市,777296718
201607,110,中国香港,32,江苏省,38194410
201607,110,中国香港,33,浙江省,11709218
201607,110,中国香港,34,安徽省,3940965
201607,110,中国香港,35,福建省,12742834
201607,110,中国香港,36,江西省,9585128
201607,110,中国香港,37,山东省,25074041
201607,110,中国香港,41,河南省,58573
201607,110,中国香港,42,湖北省,1298233
201607,110,中国香港,43,湖南省,2375899
201607,110,中国香港,44,广东省,371403421
201607,110,中国香港,45,广西壮族自治区,1876692
201607,110,中国香港,46,海南省,7875753
201607,110,中国香港,50,重庆市,2801341
201607,110,中国香港,51,四川省,1823594
201607,110,中国香港,52,贵州省,8377
201607,110,中国香港,53,云南省,176948
201607,110,中国香港,61,陕西省,1142094
201607,110,中国香港,62,甘肃省,9364469
201607,110,中国香港,64,宁夏回族自治区,3933899
201607,110,中国香港,65,新疆维吾尔自治区,2395
201607,111,印度,11,北京市,62931967
201607,111,印度,12,天津市,17074979
201607,111,印度,13,河北省,20906045
201607,111,印度,14,山西省,9459744
201607,111,印度,21,辽宁省,6314224
201607,111,印度,22,吉林省,1841791
201607,111,印度,23,黑龙江省,32846
201607,111,印度,31,上海市,215589321
201607,111,印度,32,江苏省,68925758
201607,111,印度,33,浙江省,71283975
201607,111,印度,34,安徽省,22761104
201607,111,印度,35,福建省,63742898
201607,111,印度,36,江西省,3337339
201607,111,印度,37,山东省,57200020
201607,111,印度,41,河南省,15686964
201607,111,印度,42,湖北省,9590198
201607,111,印度,43,湖南省,2652142
201607,111,印度,44,广东省,174394337
201607,111,印度,45,广西壮族自治区,1421699
201607,111,印度,46,海南省,1466479
201607,111,印度,50,重庆市,2172426
201607,111,印度,51,四川省,2006714
201607,111,印度,52,贵州省,4076073
201607,111,印度,53,云南省,584624
201607,111,印度,54,西藏自治区,327724
201607,111,印度,61,陕西省,744440
201607,111,印度,62,甘肃省,457640
201607,111,印度,63,青海省,8289575
201607,111,印度,64,宁夏回族自治区,14466
201607,111,印度,65,新疆维吾尔自治区,444883
201607,112,印度尼西亚,11,北京市,169332268
201607,112,印度尼西亚,12,天津市,39171934
201607,112,印度尼西亚,13,河北省,6074629
201607,112,印度尼西亚,14,山西省,8144039
201607,112,印度尼西亚,21,辽宁省,41501281
201607,112,印度尼西亚,22,吉林省,354054
201607,112,印度尼西亚,23,黑龙江省,21488
201607,112,印度尼西亚,31,上海市,223907309
201607,112,印度尼西亚,32,江苏省,147687244
201607,112,印度尼西亚,33,浙江省,164980966
201607,112,印度尼西亚,34,安徽省,10990971
201607,112,印度尼西亚,35,福建省,145002409
201607,112,印度尼西亚,36,江西省,15955012
201607,112,印度尼西亚,37,山东省,238867090
201607,112,印度尼西亚,41,河南省,8311578
201607,112,印度尼西亚,42,湖北省,9472718
201607,112,印度尼西亚,43,湖南省,11667401
201607,112,印度尼西亚,44,广东省,261837904
201607,112,印度尼西亚,45,广西壮族自治区,39797422
201607,112,印度尼西亚,46,海南省,9757015
201607,112,印度尼西亚,50,重庆市,7642070
201607,112,印度尼西亚,51,四川省,2983311
201607,112,印度尼西亚,53,云南省,11547
201607,112,印度尼西亚,54,西藏自治区,2045
201607,112,印度尼西亚,61,陕西省,367007
201607,112,印度尼西亚,63,青海省,10210796
201607,112,印度尼西亚,64,宁夏回族自治区,131453
201607,112,印度尼西亚,65,新疆维吾尔自治区,437352
201607,113,伊朗,11,北京市,717213151
201607,113,伊朗,12,天津市,1074076
201607,113,伊朗,13,河北省,6459052
201607,113,伊朗,15,内蒙古自治区,539550
201607,113,伊朗,21,辽宁省,5858767
201607,113,伊朗,31,上海市,22278305
201607,113,伊朗,32,江苏省,23021353
201607,113,伊朗,33,浙江省,156221468
201607,113,伊朗,34,安徽省,2508846
201607,113,伊朗,35,福建省,26766661
201607,113,伊朗,36,江西省,25560968
201607,113,伊朗,37,山东省,33857576
201607,113,伊朗,41,河南省,976515
201607,113,伊朗,42,湖北省,1445643
201607,113,伊朗,43,湖南省,7396330
201607,113,伊朗,44,广东省,205869852
201607,113,伊朗,45,广西壮族自治区,1776
201607,113,伊朗,46,海南省,450000
201607,113,伊朗,50,重庆市,8038801
201607,113,伊朗,51,四川省,6350914
201607,113,伊朗,61,陕西省,53103
201607,113,伊朗,62,甘肃省,14968
201607,113,伊朗,65,新疆维吾尔自治区,46940
201607,114,伊拉克,11,北京市,1013840979
201607,114,伊拉克,12,天津市,3010
201607,114,伊拉克,21,辽宁省,44849119
201607,114,伊拉克,31,上海市,1521
201607,114,伊拉克,32,江苏省,350
201607,114,伊拉克,35,福建省,6
201607,114,伊拉克,44,广东省,2999
201607,114,伊拉克,45,广西壮族自治区,110
201607,114,伊拉克,51,四川省,30
201607,115,以色列,11,北京市,29746266
201607,115,以色列,12,天津市,5133716
201607,115,以色列,13,河北省,273451
201607,115,以色列,14,山西省,8496
201607,115,以色列,15,内蒙古自治区,2860519
201607,115,以色列,21,辽宁省,5295637
201607,115,以色列,22,吉林省,333256
201607,115,以色列,23,黑龙江省,944910
201607,115,以色列,31,上海市,68165386
201607,115,以色列,32,江苏省,27389939
201607,115,以色列,33,浙江省,3097528
201607,115,以色列,34,安徽省,952919
201607,115,以色列,35,福建省,4671676
201607,115,以色列,36,江西省,460925
201607,115,以色列,37,山东省,8151973
201607,115,以色列,41,河南省,314587
201607,115,以色列,42,湖北省,1172189
201607,115,以色列,43,湖南省,778521
201607,115,以色列,44,广东省,26451593
201607,115,以色列,45,广西壮族自治区,180438
201607,115,以色列,50,重庆市,2486542
201607,115,以色列,51,四川省,60457742
201607,115,以色列,52,贵州省,321721
201607,115,以色列,53,云南省,433709
201607,115,以色列,61,陕西省,3685599
201607,115,以色列,62,甘肃省,212100
201607,115,以色列,64,宁夏回族自治区,128755
201607,115,以色列,65,新疆维吾尔自治区,104004
201607,116,日本,11,北京市,1036167732
201607,116,日本,12,天津市,538493586
201607,116,日本,13,河北省,50902734
201607,116,日本,14,山西省,48818768
201607,116,日本,15,内蒙古自治区,92357686
201607,116,日本,21,辽宁省,414297466
201607,116,日本,22,吉林省,115945195
201607,116,日本,23,黑龙江省,16204203
201607,116,日本,31,上海市,2527525886
201607,116,日本,32,江苏省,2005902364
201607,116,日本,33,浙江省,567459661
201607,116,日本,34,安徽省,90319141
201607,116,日本,35,福建省,272697408
201607,116,日本,36,江西省,44117730
201607,116,日本,37,山东省,445855621
201607,116,日本,41,河南省,169856546
201607,116,日本,42,湖北省,194182184
201607,116,日本,43,湖南省,69025298
201607,116,日本,44,广东省,2999253970
201607,116,日本,45,广西壮族自治区,36307909
201607,116,日本,46,海南省,13148263
201607,116,日本,50,重庆市,84559850
201607,116,日本,51,四川省,146711904
201607,116,日本,52,贵州省,2197009
201607,116,日本,53,云南省,3011590
201607,116,日本,54,西藏自治区,122024
201607,116,日本,61,陕西省,90031831
201607,116,日本,62,甘肃省,2175950
201607,116,日本,63,青海省,352261
201607,116,日本,64,宁夏回族自治区,8699664
201607,116,日本,65,新疆维吾尔自治区,5974495
201607,117,约旦,11,北京市,3400
201607,117,约旦,31,上海市,2853403
201607,117,约旦,32,江苏省,3150551
201607,117,约旦,33,浙江省,1866154
201607,117,约旦,35,福建省,15
201607,117,约旦,37,山东省,306152
201607,117,约旦,41,河南省,174924
201607,117,约旦,44,广东省,2131411
201607,117,约旦,45,广西壮族自治区,184
201607,117,约旦,51,四川省,706
201607,118,科威特,11,北京市,466224794
201607,118,科威特,12,天津市,214978
201607,118,科威特,13,河北省,550833
201607,118,科威特,21,辽宁省,11872233
201607,118,科威特,31,上海市,16581992
201607,118,科威特,32,江苏省,23241967
201607,118,科威特,33,浙江省,28236098
201607,118,科威特,34,安徽省,21960
201607,118,科威特,35,福建省,5019898
201607,118,科威特,37,山东省,118712083
201607,118,科威特,41,河南省,35205
201607,118,科威特,42,湖北省,32075
201607,118,科威特,43,湖南省,54930
201607,118,科威特,44,广东省,27594840
201607,118,科威特,45,广西壮族自治区,8435790
201607,118,科威特,46,海南省,5058794
201607,118,科威特,50,重庆市,1851779
201607,118,科威特,51,四川省,613
201607,118,科威特,53,云南省,1198810
201607,119,老挝,11,北京市,2325571
201607,119,老挝,12,天津市,217041
201607,119,老挝,13,河北省,1233213
201607,119,老挝,31,上海市,1352968
201607,119,老挝,32,江苏省,833657
201607,119,老挝,33,浙江省,4105987
201607,119,老挝,35,福建省,14931815
201607,119,老挝,37,山东省,13157160
201607,119,老挝,44,广东省,5700860
201607,119,老挝,45,广西壮族自治区,135068
201607,119,老挝,46,海南省,1603
201607,119,老挝,51,四川省,176
201607,119,老挝,53,云南省,31418326
201607,120,黎巴嫩,11,北京市,2396
201607,120,黎巴嫩,31,上海市,72018
201607,120,黎巴嫩,32,江苏省,32237
201607,120,黎巴嫩,33,浙江省,1455893
201607,120,黎巴嫩,35,福建省,64
201607,120,黎巴嫩,37,山东省,76957
201607,120,黎巴嫩,44,广东省,3955
201607,120,黎巴嫩,45,广西壮族自治区,252
201607,120,黎巴嫩,51,四川省,50
201607,120,黎巴嫩,53,云南省,95
201607,121,中国澳门,11,北京市,1544081
201607,121,中国澳门,12,天津市,5449
201607,121,中国澳门,31,上海市,176690
201607,121,中国澳门,32,江苏省,171005
201607,121,中国澳门,33,浙江省,57851
201607,121,中国澳门,35,福建省,2870
201607,121,中国澳门,37,山东省,8259
201607,121,中国澳门,42,湖北省,34552
201607,121,中国澳门,44,广东省,8697529
201607,121,中国澳门,45,广西壮族自治区,1131
201607,121,中国澳门,51,四川省,50580
201607,122,马来西亚,11,北京市,93175940
201607,122,马来西亚,12,天津市,79104836
201607,122,马来西亚,13,河北省,4415724
201607,122,马来西亚,14,山西省,5241993
201607,122,马来西亚,15,内蒙古自治区,154700
201607,122,马来西亚,21,辽宁省,14344034
201607,122,马来西亚,22,吉林省,5736277
201607,122,马来西亚,23,黑龙江省,3231206
201607,122,马来西亚,31,上海市,755873157
201607,122,马来西亚,32,江苏省,456951427
201607,122,马来西亚,33,浙江省,143547433
201607,122,马来西亚,34,安徽省,41394044
201607,122,马来西亚,35,福建省,112295960
201607,122,马来西亚,36,江西省,6785613
201607,122,马来西亚,37,山东省,193074998
201607,122,马来西亚,41,河南省,12590404
201607,122,马来西亚,42,湖北省,15913917
201607,122,马来西亚,43,湖南省,5561882
201607,122,马来西亚,44,广东省,1481123742
201607,122,马来西亚,45,广西壮族自治区,21035831
201607,122,马来西亚,46,海南省,252124
201607,122,马来西亚,50,重庆市,127489878
201607,122,马来西亚,51,四川省,83361730
201607,122,马来西亚,52,贵州省,1152213
201607,122,马来西亚,53,云南省,550736
201607,122,马来西亚,61,陕西省,16085745
201607,122,马来西亚,62,甘肃省,378906
201607,122,马来西亚,64,宁夏回族自治区,1989788
201607,122,马来西亚,65,新疆维吾尔自治区,289574
201607,123,马尔代夫,11,北京市,10952
201607,123,马尔代夫,13,河北省,840
201607,123,马尔代夫,31,上海市,94
201607,123,马尔代夫,44,广东省,17732
201607,124,蒙古,11,北京市,23389166
201607,124,蒙古,12,天津市,5286425
201607,124,蒙古,13,河北省,3082432
201607,124,蒙古,14,山西省,11252
201607,124,蒙古,15,内蒙古自治区,163601306
201607,124,蒙古,21,辽宁省,144020
201607,124,蒙古,22,吉林省,2595457
201607,124,蒙古,23,黑龙江省,3149395
201607,124,蒙古,31,上海市,252517
201607,124,蒙古,33,浙江省,2384129
201607,124,蒙古,36,江西省,112980
201607,124,蒙古,37,山东省,31949
201607,124,蒙古,41,河南省,13655568
201607,124,蒙古,42,湖北省,40
201607,124,蒙古,44,广东省,359767
201607,124,蒙古,51,四川省,20
201607,124,蒙古,53,云南省,2932146
201607,124,蒙古,62,甘肃省,16101260
201607,124,蒙古,65,新疆维吾尔自治区,697843
201607,125,尼泊尔,11,北京市,252741
201607,125,尼泊尔,13,河北省,34920
201607,125,尼泊尔,21,辽宁省,3009
201607,125,尼泊尔,31,上海市,247762
201607,125,尼泊尔,33,浙江省,3590
201607,125,尼泊尔,35,福建省,416
201607,125,尼泊尔,37,山东省,1292
201607,125,尼泊尔,44,广东省,451636
201607,125,尼泊尔,46,海南省,4438
201607,125,尼泊尔,51,四川省,2203
201607,125,尼泊尔,53,云南省,36154
201607,125,尼泊尔,54,西藏自治区,598047
201607,126,阿曼,11,北京市,452436191
201607,126,阿曼,12,天津市,1385643
201607,126,阿曼,14,山西省,159796
201607,126,阿曼,15,内蒙古自治区,432397
201607,126,阿曼,21,辽宁省,128207912
201607,126,阿曼,31,上海市,7146669
201607,126,阿曼,32,江苏省,8524543
201607,126,阿曼,33,浙江省,17130677
201607,126,阿曼,34,安徽省,78240
201607,126,阿曼,35,福建省,20932539
201607,126,阿曼,37,山东省,58632906
201607,126,阿曼,42,湖北省,1
201607,126,阿曼,44,广东省,41245626
201607,126,阿曼,45,广西壮族自治区,46234640
201607,126,阿曼,46,海南省,103126333
201607,126,阿曼,51,四川省,598507
201607,127,巴基斯坦,11,北京市,13161911
201607,127,巴基斯坦,12,天津市,1392757
201607,127,巴基斯坦,13,河北省,999425
201607,127,巴基斯坦,21,辽宁省,1946222
201607,127,巴基斯坦,22,吉林省,2187
201607,127,巴基斯坦,31,上海市,9261128
201607,127,巴基斯坦,32,江苏省,8156405
201607,127,巴基斯坦,33,浙江省,12798332
201607,127,巴基斯坦,34,安徽省,1709125
201607,127,巴基斯坦,35,福建省,9549599
201607,127,巴基斯坦,36,江西省,1210718
201607,127,巴基斯坦,37,山东省,16793981
201607,127,巴基斯坦,41,河南省,453430
201607,127,巴基斯坦,42,湖北省,699973
201607,127,巴基斯坦,43,湖南省,6486787
201607,127,巴基斯坦,44,广东省,43540518
201607,127,巴基斯坦,45,广西壮族自治区,740189
201607,127,巴基斯坦,46,海南省,431933
201607,127,巴基斯坦,50,重庆市,680031
201607,127,巴基斯坦,51,四川省,682880
201607,127,巴基斯坦,61,陕西省,13756
201607,127,巴基斯坦,63,青海省,2913
201607,127,巴基斯坦,64,宁夏回族自治区,137926
201607,127,巴基斯坦,65,新疆维吾尔自治区,620814
201607,128,巴勒斯坦,33,浙江省,52380
201607,129,菲律宾,11,北京市,47520046
201607,129,菲律宾,12,天津市,35611019
201607,129,菲律宾,13,河北省,955046
201607,129,菲律宾,14,山西省,6162042
201607,129,菲律宾,15,内蒙古自治区,2715730
201607,129,菲律宾,21,辽宁省,13901305
201607,129,菲律宾,22,吉林省,3241711
201607,129,菲律宾,23,黑龙江省,108706
201607,129,菲律宾,31,上海市,226601453
201607,129,菲律宾,32,江苏省,234820668
201607,129,菲律宾,33,浙江省,48004444
201607,129,菲律宾,34,安徽省,7305760
201607,129,菲律宾,35,福建省,55212982
201607,129,菲律宾,36,江西省,2593413
201607,129,菲律宾,37,山东省,66133677
201607,129,菲律宾,41,河南省,23212012
201607,129,菲律宾,42,湖北省,7918821
201607,129,菲律宾,43,湖南省,1194936
201607,129,菲律宾,44,广东省,592228872
201607,129,菲律宾,45,广西壮族自治区,19220126
201607,129,菲律宾,46,海南省,3054559
201607,129,菲律宾,50,重庆市,50529908
201607,129,菲律宾,51,四川省,16437324
201607,129,菲律宾,52,贵州省,109831
201607,129,菲律宾,61,陕西省,3234340
201607,129,菲律宾,65,新疆维吾尔自治区,100256
201607,130,卡塔尔,11,北京市,33753545
201607,130,卡塔尔,12,天津市,1818611
201607,130,卡塔尔,13,河北省,226988
201607,130,卡塔尔,21,辽宁省,24125252
201607,130,卡塔尔,31,上海市,4395030
201607,130,卡塔尔,32,江苏省,21645668
201607,130,卡塔尔,33,浙江省,24703268
201607,130,卡塔尔,34,安徽省,1085729
201607,130,卡塔尔,35,福建省,5280631
201607,130,卡塔尔,36,江西省,89250
201607,130,卡塔尔,37,山东省,17787157
201607,130,卡塔尔,41,河南省,197390
201607,130,卡塔尔,42,湖北省,176715
201607,130,卡塔尔,43,湖南省,320127
201607,130,卡塔尔,44,广东省,52904445
201607,130,卡塔尔,45,广西壮族自治区,235
201607,130,卡塔尔,50,重庆市,136478
201607,130,卡塔尔,51,四川省,301219
201607,130,卡塔尔,52,贵州省,3223534
201607,130,卡塔尔,62,甘肃省,348
201607,130,卡塔尔,64,宁夏回族自治区,115606
201607,131,沙特阿拉伯,11,北京市,1129949631
201607,131,沙特阿拉伯,12,天津市,3760319
201607,131,沙特阿拉伯,13,河北省,6282137
201607,131,沙特阿拉伯,15,内蒙古自治区,569250
201607,131,沙特阿拉伯,21,辽宁省,106631110
201607,131,沙特阿拉伯,22,吉林省,193011
201607,131,沙特阿拉伯,23,黑龙江省,1277121
201607,131,沙特阿拉伯,31,上海市,51706491
201607,131,沙特阿拉伯,32,江苏省,191662421
201607,131,沙特阿拉伯,33,浙江省,126290472
201607,131,沙特阿拉伯,34,安徽省,4310743
201607,131,沙特阿拉伯,35,福建省,233520054
201607,131,沙特阿拉伯,36,江西省,1889019
201607,131,沙特阿拉伯,37,山东省,68191664
201607,131,沙特阿拉伯,41,河南省,280386
201607,131,沙特阿拉伯,42,湖北省,5044384
201607,131,沙特阿拉伯,44,广东省,87860733
201607,131,沙特阿拉伯,45,广西壮族自治区,559856
201607,131,沙特阿拉伯,46,海南省,31758409
201607,131,沙特阿拉伯,50,重庆市,13996578
201607,131,沙特阿拉伯,51,四川省,503942
201607,131,沙特阿拉伯,53,云南省,8221822
201607,131,沙特阿拉伯,65,新疆维吾尔自治区,57219
201607,132,新加坡,11,北京市,155680725
201607,132,新加坡,12,天津市,61667059
201607,132,新加坡,13,河北省,2581707
201607,132,新加坡,14,山西省,5145928
201607,132,新加坡,15,内蒙古自治区,107037
201607,132,新加坡,21,辽宁省,58353699
201607,132,新加坡,22,吉林省,2448762
201607,132,新加坡,23,黑龙江省,1508059
201607,132,新加坡,31,上海市,601456891
201607,132,新加坡,32,江苏省,298958298
201607,132,新加坡,33,浙江省,101114851
201607,132,新加坡,34,安徽省,7483109
201607,132,新加坡,35,福建省,50087433
201607,132,新加坡,36,江西省,43678721
201607,132,新加坡,37,山东省,74678799
201607,132,新加坡,41,河南省,22498552
201607,132,新加坡,42,湖北省,11698830
201607,132,新加坡,43,湖南省,4995314
201607,132,新加坡,44,广东省,742791986
201607,132,新加坡,45,广西壮族自治区,12978124
201607,132,新加坡,46,海南省,247690
201607,132,新加坡,50,重庆市,18968804
201607,132,新加坡,51,四川省,11191713
201607,132,新加坡,52,贵州省,355085
201607,132,新加坡,53,云南省,1379840
201607,132,新加坡,54,西藏自治区,10535
201607,132,新加坡,61,陕西省,7704977
201607,132,新加坡,62,甘肃省,1320183
201607,132,新加坡,64,宁夏回族自治区,183423
201607,132,新加坡,65,新疆维吾尔自治区,293860
201607,133,韩国,11,北京市,581737514
201607,133,韩国,12,天津市,715186801
201607,133,韩国,13,河北省,106826063
201607,133,韩国,14,山西省,100983753
201607,133,韩国,15,内蒙古自治区,78873937
201607,133,韩国,21,辽宁省,344803145
201607,133,韩国,22,吉林省,19120735
201607,133,韩国,23,黑龙江省,4691282
201607,133,韩国,31,上海市,1531367657
201607,133,韩国,32,江苏省,3026874725
201607,133,韩国,33,浙江省,514887525
201607,133,韩国,34,安徽省,62936700
201607,133,韩国,35,福建省,249419656
201607,133,韩国,36,江西省,81898526
201607,133,韩国,37,山东省,1179202867
201607,133,韩国,41,河南省,455249268
201607,133,韩国,42,湖北省,118230964
201607,133,韩国,43,湖南省,36030730
201607,133,韩国,44,广东省,3066953045
201607,133,韩国,45,广西壮族自治区,17759988
201607,133,韩国,46,海南省,23283914
201607,133,韩国,50,重庆市,224236720
201607,133,韩国,51,四川省,122684675
201607,133,韩国,52,贵州省,273477
201607,133,韩国,53,云南省,293805
201607,133,韩国,54,西藏自治区,405712
201607,133,韩国,61,陕西省,231018938
201607,133,韩国,62,甘肃省,3898686
201607,133,韩国,63,青海省,576742
201607,133,韩国,64,宁夏回族自治区,1015022
201607,133,韩国,65,新疆维吾尔自治区,1862983
201607,134,斯里兰卡,11,北京市,1864612
201607,134,斯里兰卡,12,天津市,644125
201607,134,斯里兰卡,13,河北省,16995
201607,134,斯里兰卡,21,辽宁省,94675
201607,134,斯里兰卡,31,上海市,7525691
201607,134,斯里兰卡,32,江苏省,4555145
201607,134,斯里兰卡,33,浙江省,233642
201607,134,斯里兰卡,34,安徽省,432670
201607,134,斯里兰卡,35,福建省,839034
201607,134,斯里兰卡,36,江西省,76308
201607,134,斯里兰卡,37,山东省,1023019
201607,134,斯里兰卡,42,湖北省,61
201607,134,斯里兰卡,43,湖南省,21839
201607,134,斯里兰卡,44,广东省,4134508
201607,134,斯里兰卡,45,广西壮族自治区,255965
201607,134,斯里兰卡,46,海南省,41917
201607,134,斯里兰卡,50,重庆市,542
201607,134,斯里兰卡,51,四川省,5225
201607,134,斯里兰卡,53,云南省,1120
201607,134,斯里兰卡,61,陕西省,1117
201607,134,斯里兰卡,63,青海省,332
201607,135,叙利亚,11,北京市,1224
201607,135,叙利亚,31,上海市,94166
201607,135,叙利亚,33,浙江省,87737
201607,135,叙利亚,44,广东省,284
201607,135,叙利亚,45,广西壮族自治区,103
201607,136,泰国,11,北京市,167171798
201607,136,泰国,12,天津市,37415586
201607,136,泰国,13,河北省,7451454
201607,136,泰国,14,山西省,638696
201607,136,泰国,15,内蒙古自治区,1796444
201607,136,泰国,21,辽宁省,34513635
201607,136,泰国,22,吉林省,21983746
201607,136,泰国,23,黑龙江省,413833
201607,136,泰国,31,上海市,339581814
201607,136,泰国,32,江苏省,398726699
201607,136,泰国,33,浙江省,111008247
201607,136,泰国,34,安徽省,11612708
201607,136,泰国,35,福建省,86683611
201607,136,泰国,36,江西省,6335913
201607,136,泰国,37,山东省,265405159
201607,136,泰国,41,河南省,5006148
201607,136,泰国,42,湖北省,37822503
201607,136,泰国,43,湖南省,8723744
201607,136,泰国,44,广东省,969597181
201607,136,泰国,45,广西壮族自治区,111513599
201607,136,泰国,46,海南省,4480685
201607,136,泰国,50,重庆市,80176390
201607,136,泰国,51,四川省,42198966
201607,136,泰国,52,贵州省,9693791
201607,136,泰国,53,云南省,9792603
201607,136,泰国,54,西藏自治区,1694
201607,136,泰国,61,陕西省,1581056
201607,136,泰国,62,甘肃省,45800
201607,136,泰国,63,青海省,2392
201607,136,泰国,64,宁夏回族自治区,716904
201607,136,泰国,65,新疆维吾尔自治区,121000
201607,137,土耳其,11,北京市,24416392
201607,137,土耳其,12,天津市,3625051
201607,137,土耳其,13,河北省,1641933
201607,137,土耳其,14,山西省,3709699
201607,137,土耳其,15,内蒙古自治区,1073853
201607,137,土耳其,21,辽宁省,6294805
201607,137,土耳其,22,吉林省,2554140
201607,137,土耳其,23,黑龙江省,38191
201607,137,土耳其,31,上海市,45616292
201607,137,土耳其,32,江苏省,13875385
201607,137,土耳其,33,浙江省,7855617
201607,137,土耳其,34,安徽省,8424948
201607,137,土耳其,35,福建省,61777582
201607,137,土耳其,36,江西省,545800
201607,137,土耳其,37,山东省,15708491
201607,137,土耳其,41,河南省,9424936
201607,137,土耳其,42,湖北省,473450
201607,137,土耳其,43,湖南省,102446
201607,137,土耳其,44,广东省,21210171
201607,137,土耳其,45,广西壮族自治区,3915757
201607,137,土耳其,46,海南省,154510
201607,137,土耳其,50,重庆市,749263
201607,137,土耳其,51,四川省,6747893
201607,137,土耳其,52,贵州省,310
201607,137,土耳其,53,云南省,259844
201607,137,土耳其,61,陕西省,109544
201607,137,土耳其,63,青海省,13237
201607,137,土耳其,65,新疆维吾尔自治区,2174079
201607,138,阿联酋,11,北京市,369399554
201607,138,阿联酋,12,天津市,12641060
201607,138,阿联酋,13,河北省,9165853
201607,138,阿联酋,21,辽宁省,83537554
201607,138,阿联酋,22,吉林省,424423
201607,138,阿联酋,31,上海市,62418862
201607,138,阿联酋,32,江苏省,85592919
201607,138,阿联酋,33,浙江省,39760802
201607,138,阿联酋,34,安徽省,1304389
201607,138,阿联酋,35,福建省,21675201
201607,138,阿联酋,36,江西省,139073
201607,138,阿联酋,37,山东省,51366241
201607,138,阿联酋,41,河南省,109979
201607,138,阿联酋,42,湖北省,10874378
201607,138,阿联酋,43,湖南省,1698828
201607,138,阿联酋,44,广东省,132739308
201607,138,阿联酋,45,广西壮族自治区,151993
201607,138,阿联酋,50,重庆市,5501582
201607,138,阿联酋,51,四川省,2002618
201607,138,阿联酋,52,贵州省,6224779
201607,138,阿联酋,53,云南省,738516
201607,138,阿联酋,64,宁夏回族自治区,2063321
201607,138,阿联酋,65,新疆维吾尔自治区,98126
201607,139,也门,11,北京市,85239
201607,139,也门,31,上海市,58262
201607,139,也门,32,江苏省,434448
201607,139,也门,33,浙江省,1512667
201607,139,也门,35,福建省,23922
201607,139,也门,37,山东省,192576
201607,139,也门,44,广东省,1490
201607,139,也门,45,广西壮族自治区,45
201607,139,也门,50,重庆市,1980
201607,141,越南,11,北京市,198554642
201607,141,越南,12,天津市,73689795
201607,141,越南,13,河北省,7046425
201607,141,越南,14,山西省,15223685
201607,141,越南,15,内蒙古自治区,134920
201607,141,越南,21,辽宁省,36495669
201607,141,越南,22,吉林省,423044
201607,141,越南,23,黑龙江省,814270
201607,141,越南,31,上海市,361250601
201607,141,越南,32,江苏省,189354514
201607,141,越南,33,浙江省,125283878
201607,141,越南,34,安徽省,10169870
201607,141,越南,35,福建省,55354907
201607,141,越南,36,江西省,9561067
201607,141,越南,37,山东省,83859121
201607,141,越南,41,河南省,56298001
201607,141,越南,42,湖北省,33452046
201607,141,越南,43,湖南省,1607216
201607,141,越南,44,广东省,552894885
201607,141,越南,45,广西壮族自治区,684139377
201607,141,越南,46,海南省,43950182
201607,141,越南,50,重庆市,139711656
201607,141,越南,51,四川省,32446145
201607,141,越南,52,贵州省,659782
201607,141,越南,53,云南省,104266654
201607,141,越南,61,陕西省,526479
201607,141,越南,63,青海省,7444
201607,141,越南,64,宁夏回族自治区,257563
201607,141,越南,65,新疆维吾尔自治区,720367
201607,142,中国,11,北京市,147893188
201607,142,中国,12,天津市,107825575
201607,142,中国,13,河北省,4278740
201607,142,中国,14,山西省,95264015
201607,142,中国,15,内蒙古自治区,38962
201607,142,中国,21,辽宁省,32032467
201607,142,中国,22,吉林省,9099267
201607,142,中国,23,黑龙江省,311760
201607,142,中国,31,上海市,755278410
201607,142,中国,32,江苏省,1020124618
201607,142,中国,33,浙江省,89801467
201607,142,中国,34,安徽省,26123733
201607,142,中国,35,福建省,156869633
201607,142,中国,36,江西省,47025751
201607,142,中国,37,山东省,220479828
201607,142,中国,41,河南省,511735983
201607,142,中国,42,湖北省,114596095
201607,142,中国,43,湖南省,55227956
201607,142,中国,44,广东省,6430950558
201607,142,中国,45,广西壮族自治区,91909070
201607,142,中国,46,海南省,3061784
201607,142,中国,50,重庆市,219718861
201607,142,中国,51,四川省,101828016
201607,142,中国,52,贵州省,2422285
201607,142,中国,53,云南省,522352
201607,142,中国,61,陕西省,12758523
201607,142,中国,62,甘肃省,979862
201607,142,中国,63,青海省,33677
201607,142,中国,64,宁夏回族自治区,135899
201607,142,中国,65,新疆维吾尔自治区,2420176
201607,143,中国台湾,11,北京市,113683922
201607,143,中国台湾,12,天津市,153143282
201607,143,中国台湾,13,河北省,20492957
201607,143,中国台湾,14,山西省,73974739
201607,143,中国台湾,15,内蒙古自治区,38591872
201607,143,中国台湾,21,辽宁省,36918975
201607,143,中国台湾,22,吉林省,25090877
201607,143,中国台湾,23,黑龙江省,1391291
201607,143,中国台湾,31,上海市,1260587684
201607,143,中国台湾,32,江苏省,2330204428
201607,143,中国台湾,33,浙江省,626878598
201607,143,中国台湾,34,安徽省,77621831
201607,143,中国台湾,35,福建省,471479781
201607,143,中国台湾,36,江西省,134696340
201607,143,中国台湾,37,山东省,212574584
201607,143,中国台湾,41,河南省,251546446
201607,143,中国台湾,42,湖北省,123964618
201607,143,中国台湾,43,湖南省,25539765
201607,143,中国台湾,44,广东省,4202876178
201607,143,中国台湾,45,广西壮族自治区,121991529
201607,143,中国台湾,46,海南省,4429640
201607,143,中国台湾,50,重庆市,530545347
201607,143,中国台湾,51,四川省,105400082
201607,143,中国台湾,52,贵州省,2145575
201607,143,中国台湾,53,云南省,2142463
201607,143,中国台湾,54,西藏自治区,991047
201607,143,中国台湾,61,陕西省,447169518
201607,143,中国台湾,62,甘肃省,9286619
201607,143,中国台湾,63,青海省,61
201607,143,中国台湾,64,宁夏回族自治区,302781
201607,143,中国台湾,65,新疆维吾尔自治区,465616
201607,144,东帝汶,37,山东省,840
201607,144,东帝汶,43,湖南省,61
201607,144,东帝汶,51,四川省,20
201607,145,哈萨克斯坦,11,北京市,199680611
201607,145,哈萨克斯坦,12,天津市,79828
201607,145,哈萨克斯坦,14,山西省,45941446
201607,145,哈萨克斯坦,15,内蒙古自治区,4466074
201607,145,哈萨克斯坦,23,黑龙江省,120479
201607,145,哈萨克斯坦,31,上海市,24633281
201607,145,哈萨克斯坦,32,江苏省,6841208
201607,145,哈萨克斯坦,33,浙江省,7418181
201607,145,哈萨克斯坦,34,安徽省,45582
201607,145,哈萨克斯坦,37,山东省,842173
201607,145,哈萨克斯坦,41,河南省,4907751
201607,145,哈萨克斯坦,44,广东省,2295
201607,145,哈萨克斯坦,61,陕西省,443328
201607,145,哈萨克斯坦,62,甘肃省,62472173
201607,145,哈萨克斯坦,65,新疆维吾尔自治区,42166319
201607,146,吉尔吉斯斯坦,11,北京市,66
201607,146,吉尔吉斯斯坦,13,河北省,242407
201607,146,吉尔吉斯斯坦,21,辽宁省,11028
201607,146,吉尔吉斯斯坦,33,浙江省,28996
201607,146,吉尔吉斯斯坦,35,福建省,515
201607,146,吉尔吉斯斯坦,37,山东省,108360
201607,146,吉尔吉斯斯坦,44,广东省,16990
201607,146,吉尔吉斯斯坦,52,贵州省,17273
201607,146,吉尔吉斯斯坦,65,新疆维吾尔自治区,5488828
201607,147,塔吉克斯坦,11,北京市,2585399
201607,147,塔吉克斯坦,44,广东省,16696
201607,147,塔吉克斯坦,65,新疆维吾尔自治区,339163
201607,148,土库曼斯坦,11,北京市,367163935
201607,148,土库曼斯坦,12,天津市,200351
201607,148,土库曼斯坦,31,上海市,1846784
201607,148,土库曼斯坦,32,江苏省,1179700
201607,148,土库曼斯坦,37,山东省,1893706
201607,148,土库曼斯坦,44,广东省,1295378
201607,148,土库曼斯坦,65,新疆维吾尔自治区,1033282
201607,149,乌兹别克斯坦,11,北京市,82806985
201607,149,乌兹别克斯坦,12,天津市,1630585
201607,149,乌兹别克斯坦,13,河北省,632220
201607,149,乌兹别克斯坦,21,辽宁省,866712
201607,149,乌兹别克斯坦,22,吉林省,133051
201607,149,乌兹别克斯坦,31,上海市,12582628
201607,149,乌兹别克斯坦,32,江苏省,1228793
201607,149,乌兹别克斯坦,33,浙江省,1663995
201607,149,乌兹别克斯坦,35,福建省,3916071
201607,149,乌兹别克斯坦,37,山东省,2031699
201607,149,乌兹别克斯坦,41,河南省,452910
201607,149,乌兹别克斯坦,44,广东省,378701
201607,149,乌兹别克斯坦,50,重庆市,259240
201607,149,乌兹别克斯坦,51,四川省,13551
201607,149,乌兹别克斯坦,62,甘肃省,479208
201607,149,乌兹别克斯坦,65,新疆维吾尔自治区,8543078
201607,201,阿尔及利亚,11,北京市,1470
201607,201,阿尔及利亚,31,上海市,71765
201607,201,阿尔及利亚,32,江苏省,4
201607,201,阿尔及利亚,33,浙江省,15506
201607,201,阿尔及利亚,35,福建省,87
201607,201,阿尔及利亚,41,河南省,146821
201607,201,阿尔及利亚,44,广东省,11497
201607,202,安哥拉,11,北京市,1173778447
201607,202,安哥拉,21,辽宁省,304566790
201607,202,安哥拉,31,上海市,266
201607,202,安哥拉,32,江苏省,10489
201607,202,安哥拉,33,浙江省,297943
201607,202,安哥拉,37,山东省,147648238
201607,202,安哥拉,44,广东省,859196
201607,202,安哥拉,46,海南省,26553044
201607,203,贝宁,11,北京市,785222
201607,203,贝宁,31,上海市,185187
201607,203,贝宁,33,浙江省,402665
201607,203,贝宁,37,山东省,689583
201607,203,贝宁,44,广东省,237897
201607,203,贝宁,45,广西壮族自治区,151
201607,203,贝宁,51,四川省,20
201607,204,博茨瓦纳,11,北京市,83
201607,204,博茨瓦纳,32,江苏省,41
201607,204,博茨瓦纳,35,福建省,24
201607,204,博茨瓦纳,44,广东省,3230333
201607,204,博茨瓦纳,45,广西壮族自治区,226
201607,205,布隆迪,11,北京市,8122
201607,205,布隆迪,36,江西省,585148
201607,205,布隆迪,44,广东省,30
201607,206,喀麦隆,11,北京市,8624811
201607,206,喀麦隆,12,天津市,69962
201607,206,喀麦隆,31,上海市,3871527
201607,206,喀麦隆,32,江苏省,4958810
201607,206,喀麦隆,33,浙江省,1575243
201607,206,喀麦隆,35,福建省,604700
201607,206,喀麦隆,37,山东省,151930
201607,206,喀麦隆,44,广东省,977990
201607,206,喀麦隆,45,广西壮族自治区,510
201607,206,喀麦隆,61,陕西省,659
201607,207,加那利群岛,11,北京市,280
201607,207,加那利群岛,44,广东省,436
201607,208,佛得角,32,江苏省,70160
201607,209,中非,11,北京市,74000
201607,209,中非,31,上海市,1155813
201607,209,中非,32,江苏省,122074
201607,209,中非,33,浙江省,430752
201607,209,中非,35,福建省,92911
201607,209,中非,37,山东省,68557
201607,209,中非,44,广东省,160608
201607,211,乍得,11,北京市,11
201607,211,乍得,21,辽宁省,740
201607,211,乍得,31,上海市,8
201607,211,乍得,42,湖北省,11
201607,211,乍得,44,广东省,21
201607,212,科摩罗,11,北京市,18
201607,213,刚果共和国,11,北京市,175053961
201607,213,刚果共和国,21,辽宁省,38677261
201607,213,刚果共和国,31,上海市,551319
201607,213,刚果共和国,32,江苏省,3231039
201607,213,刚果共和国,33,浙江省,11255222
201607,213,刚果共和国,44,广东省,577495
201607,214,吉布提,11,北京市,534
201607,214,吉布提,12,天津市,89421
201607,214,吉布提,31,上海市,13
201607,214,吉布提,61,陕西省,97
201607,215,埃及,11,北京市,637398
201607,215,埃及,12,天津市,716060
201607,215,埃及,13,河北省,1500
201607,215,埃及,21,辽宁省,15757
201607,215,埃及,31,上海市,4951843
201607,215,埃及,32,江苏省,996721
201607,215,埃及,33,浙江省,574506
201607,215,埃及,34,安徽省,985316
201607,215,埃及,35,福建省,5588419
201607,215,埃及,36,江西省,354
201607,215,埃及,37,山东省,853234
201607,215,埃及,41,河南省,36787
201607,215,埃及,42,湖北省,155
201607,215,埃及,43,湖南省,8383
201607,215,埃及,44,广东省,4203365
201607,215,埃及,45,广西壮族自治区,33
201607,215,埃及,46,海南省,725
201607,215,埃及,50,重庆市,200347
201607,215,埃及,51,四川省,340
201607,215,埃及,61,陕西省,98656
201607,215,埃及,65,新疆维吾尔自治区,1356
201607,216,赤道几内亚,11,北京市,44902150
201607,216,赤道几内亚,31,上海市,1012707
201607,216,赤道几内亚,32,江苏省,6867547
201607,216,赤道几内亚,33,浙江省,9848430
201607,216,赤道几内亚,44,广东省,1986600
201607,217,埃塞俄比亚,11,北京市,4710507
201607,217,埃塞俄比亚,12,天津市,3448719
201607,217,埃塞俄比亚,13,河北省,46945
201607,217,埃塞俄比亚,21,辽宁省,3042370
201607,217,埃塞俄比亚,31,上海市,1665996
201607,217,埃塞俄比亚,32,江苏省,126000
201607,217,埃塞俄比亚,33,浙江省,196670
201607,217,埃塞俄比亚,34,安徽省,7535172
201607,217,埃塞俄比亚,35,福建省,895935
201607,217,埃塞俄比亚,36,江西省,21600
201607,217,埃塞俄比亚,37,山东省,8139529
201607,217,埃塞俄比亚,41,河南省,1268958
201607,217,埃塞俄比亚,42,湖北省,1553900
201607,217,埃塞俄比亚,43,湖南省,94038
201607,217,埃塞俄比亚,44,广东省,1483743
201607,217,埃塞俄比亚,45,广西壮族自治区,209162
201607,217,埃塞俄比亚,46,海南省,3140
201607,217,埃塞俄比亚,50,重庆市,457698
201607,217,埃塞俄比亚,51,四川省,59662
201607,217,埃塞俄比亚,62,甘肃省,773
201607,218,加蓬,11,北京市,10083872
201607,218,加蓬,12,天津市,7661006
201607,218,加蓬,13,河北省,140789
201607,218,加蓬,21,辽宁省,214377
201607,218,加蓬,31,上海市,2850997
201607,218,加蓬,32,江苏省,2675928
201607,218,加蓬,33,浙江省,1408584
201607,218,加蓬,35,福建省,174580
201607,218,加蓬,37,山东省,31653344
201607,218,加蓬,44,广东省,2274483
201607,218,加蓬,45,广西壮族自治区,1086474
201607,218,加蓬,50,重庆市,8481537
201607,218,加蓬,51,四川省,1214700
201607,218,加蓬,52,贵州省,332533
201607,219,冈比亚,11,北京市,461567
201607,219,冈比亚,31,上海市,973239
201607,219,冈比亚,32,江苏省,38607
201607,219,冈比亚,33,浙江省,1358549
201607,219,冈比亚,35,福建省,138225
201607,219,冈比亚,36,江西省,98214
201607,219,冈比亚,41,河南省,9720
201607,219,冈比亚,42,湖北省,20
201607,219,冈比亚,44,广东省,5610036
201607,219,冈比亚,46,海南省,145072
201607,220,加纳,11,北京市,10824435
201607,220,加纳,12,天津市,94065
201607,220,加纳,13,河北省,53823
201607,220,加纳,23,黑龙江省,165231
201607,220,加纳,31,上海市,2164315
201607,220,加纳,32,江苏省,3778952
201607,220,加纳,33,浙江省,1423649
201607,220,加纳,35,福建省,142794
201607,220,加纳,37,山东省,6573305
201607,220,加纳,41,河南省,12287
201607,220,加纳,43,湖南省,18987
201607,220,加纳,44,广东省,3749840
201607,220,加纳,45,广西壮族自治区,562
201607,220,加纳,46,海南省,51790696
201607,220,加纳,51,四川省,40
201607,221,几内亚,11,北京市,4368
201607,221,几内亚,31,上海市,26396
201607,221,几内亚,37,山东省,44768606
201607,221,几内亚,44,广东省,142
201607,221,几内亚,45,广西壮族自治区,224
201607,222,几内亚比绍,11,北京市,45
201607,223,科特迪瓦,11,北京市,1256
201607,223,科特迪瓦,12,天津市,393500
201607,223,科特迪瓦,31,上海市,1377375
201607,223,科特迪瓦,32,江苏省,202904
201607,223,科特迪瓦,33,浙江省,1642350
201607,223,科特迪瓦,35,福建省,122963
201607,223,科特迪瓦,37,山东省,3014918
201607,223,科特迪瓦,42,湖北省,197239
201607,223,科特迪瓦,44,广东省,50549
201607,223,科特迪瓦,51,四川省,20
201607,224,肯尼亚,11,北京市,259988
201607,224,肯尼亚,13,河北省,1708
201607,224,肯尼亚,23,黑龙江省,79326
201607,224,肯尼亚,31,上海市,379000
201607,224,肯尼亚,32,江苏省,380090
201607,224,肯尼亚,33,浙江省,65288
201607,224,肯尼亚,35,福建省,2177002
201607,224,肯尼亚,37,山东省,283727
201607,224,肯尼亚,44,广东省,1855804
201607,224,肯尼亚,45,广西壮族自治区,520
201607,224,肯尼亚,46,海南省,672420
201607,224,肯尼亚,51,四川省,20
201607,225,利比里亚,11,北京市,53
201607,225,利比里亚,33,浙江省,4123150
201607,225,利比里亚,44,广东省,196
201607,225,利比里亚,45,广西壮族自治区,2125322
201607,226,利比亚,11,北京市,83154014
201607,226,利比亚,31,上海市,135
201607,226,利比亚,35,福建省,16
201607,226,利比亚,44,广东省,241
201607,227,马达加斯加,11,北京市,3052483
201607,227,马达加斯加,12,天津市,59868
201607,227,马达加斯加,15,内蒙古自治区,1000
201607,227,马达加斯加,21,辽宁省,4009
201607,227,马达加斯加,23,黑龙江省,56574
201607,227,马达加斯加,31,上海市,1449443
201607,227,马达加斯加,32,江苏省,3570062
201607,227,马达加斯加,33,浙江省,21620
201607,227,马达加斯加,35,福建省,1154789
201607,227,马达加斯加,36,江西省,247
201607,227,马达加斯加,42,湖北省,82460
201607,227,马达加斯加,43,湖南省,816286
201607,227,马达加斯加,44,广东省,1423797
201607,227,马达加斯加,45,广西壮族自治区,170
201607,227,马达加斯加,50,重庆市,450
201607,227,马达加斯加,61,陕西省,356
201607,228,马拉维,11,北京市,263
201607,228,马拉维,31,上海市,3774
201607,228,马拉维,33,浙江省,145976
201607,228,马拉维,35,福建省,294430
201607,228,马拉维,42,湖北省,30
201607,228,马拉维,44,广东省,131
201607,228,马拉维,45,广西壮族自治区,110
201607,229,马里,11,北京市,322588
201607,229,马里,12,天津市,866939
201607,229,马里,21,辽宁省,5990581
201607,229,马里,31,上海市,455353
201607,229,马里,32,江苏省,624717
201607,229,马里,33,浙江省,621383
201607,229,马里,34,安徽省,5257169
201607,229,马里,35,福建省,879433
201607,229,马里,37,山东省,1316321
201607,229,马里,41,河南省,174018
201607,229,马里,44,广东省,361836
201607,230,毛里塔尼亚,11,北京市,255723
201607,230,毛里塔尼亚,12,天津市,62
201607,230,毛里塔尼亚,14,山西省,6059924
201607,230,毛里塔尼亚,15,内蒙古自治区,7244570
201607,230,毛里塔尼亚,31,上海市,6493144
201607,230,毛里塔尼亚,32,江苏省,3484786
201607,230,毛里塔尼亚,35,福建省,121148
201607,230,毛里塔尼亚,37,山东省,7264183
201607,230,毛里塔尼亚,41,河南省,5840473
201607,230,毛里塔尼亚,42,湖北省,7025785
201607,230,毛里塔尼亚,43,湖南省,18313429
201607,230,毛里塔尼亚,44,广东省,81
201607,230,毛里塔尼亚,46,海南省,212
201607,230,毛里塔尼亚,61,陕西省,8697938
201607,231,毛里求斯,11,北京市,189593
201607,231,毛里求斯,21,辽宁省,862253
201607,231,毛里求斯,31,上海市,434490
201607,231,毛里求斯,32,江苏省,141816
201607,231,毛里求斯,33,浙江省,34564
201607,231,毛里求斯,35,福建省,229662
201607,231,毛里求斯,42,湖北省,100
201607,231,毛里求斯,44,广东省,20439
201607,231,毛里求斯,45,广西壮族自治区,60
201607,231,毛里求斯,46,海南省,9628
201607,231,毛里求斯,51,四川省,97664
201607,232,摩洛哥,11,北京市,3947357
201607,232,摩洛哥,12,天津市,4694026
201607,232,摩洛哥,13,河北省,151361
201607,232,摩洛哥,15,内蒙古自治区,793917
201607,232,摩洛哥,21,辽宁省,195340
201607,232,摩洛哥,22,吉林省,472781
201607,232,摩洛哥,31,上海市,7353034
201607,232,摩洛哥,32,江苏省,8351403
201607,232,摩洛哥,33,浙江省,455346
201607,232,摩洛哥,34,安徽省,1282206
201607,232,摩洛哥,35,福建省,4830707
201607,232,摩洛哥,36,江西省,182687
201607,232,摩洛哥,37,山东省,2412454
201607,232,摩洛哥,41,河南省,63
201607,232,摩洛哥,42,湖北省,392699
201607,232,摩洛哥,43,湖南省,68826
201607,232,摩洛哥,44,广东省,13415220
201607,232,摩洛哥,45,广西壮族自治区,1548571
201607,232,摩洛哥,46,海南省,8101
201607,232,摩洛哥,50,重庆市,152299
201607,232,摩洛哥,51,四川省,1356397
201607,232,摩洛哥,53,云南省,47
201607,232,摩洛哥,61,陕西省,395337
201607,233,莫桑比克,11,北京市,1572325
201607,233,莫桑比克,21,辽宁省,580352
201607,233,莫桑比克,31,上海市,4848459
201607,233,莫桑比克,32,江苏省,4111197
201607,233,莫桑比克,33,浙江省,4422641
201607,233,莫桑比克,35,福建省,4007971
201607,233,莫桑比克,36,江西省,149
201607,233,莫桑比克,37,山东省,293400
201607,233,莫桑比克,41,河南省,3332411
201607,233,莫桑比克,44,广东省,5052564
201607,233,莫桑比克,46,海南省,4662842
201607,234,纳米比亚,11,北京市,2666303
201607,234,纳米比亚,31,上海市,401436
201607,234,纳米比亚,33,浙江省,100
201607,234,纳米比亚,35,福建省,10074630
201607,234,纳米比亚,37,山东省,320123
201607,234,纳米比亚,43,湖南省,4990
201607,234,纳米比亚,44,广东省,152668
201607,234,纳米比亚,45,广西壮族自治区,33
201607,235,尼日尔,11,北京市,449792
201607,235,尼日尔,12,天津市,828943
201607,235,尼日尔,23,黑龙江省,100196
201607,235,尼日尔,31,上海市,14490
201607,235,尼日尔,33,浙江省,1454048
201607,235,尼日尔,34,安徽省,2092494
201607,235,尼日尔,35,福建省,466210
201607,235,尼日尔,37,山东省,2316523
201607,235,尼日尔,42,湖北省,338419
201607,235,尼日尔,44,广东省,19
201607,235,尼日尔,45,广西壮族自治区,184
201607,235,尼日尔,50,重庆市,164268
201607,235,尼日尔,51,四川省,952
201607,236,尼日利亚,11,北京市,661820
201607,236,尼日利亚,12,天津市,493350
201607,236,尼日利亚,21,辽宁省,25242
201607,236,尼日利亚,31,上海市,7757758
201607,236,尼日利亚,32,江苏省,637691
201607,236,尼日利亚,33,浙江省,10118125
201607,236,尼日利亚,34,安徽省,1170661
201607,236,尼日利亚,35,福建省,591622
201607,236,尼日利亚,36,江西省,1427380
201607,236,尼日利亚,37,山东省,18039318
201607,236,尼日利亚,41,河南省,65
201607,236,尼日利亚,42,湖北省,78756
201607,236,尼日利亚,43,湖南省,418814
201607,236,尼日利亚,44,广东省,24830721
201607,236,尼日利亚,45,广西壮族自治区,445373
201607,236,尼日利亚,50,重庆市,67336
201607,236,尼日利亚,51,四川省,55846
201607,237,留尼汪,11,北京市,47
201607,237,留尼汪,33,浙江省,37
201607,237,留尼汪,44,广东省,245
201607,238,卢旺达,11,北京市,36
201607,238,卢旺达,31,上海市,1952
201607,238,卢旺达,35,福建省,259896
201607,238,卢旺达,36,江西省,305428
201607,238,卢旺达,44,广东省,79
201607,238,卢旺达,64,宁夏回族自治区,798423
201607,239,圣多美和普林西比,44,广东省,1
201607,240,塞内加尔,11,北京市,1072176
201607,240,塞内加尔,12,天津市,703507
201607,240,塞内加尔,31,上海市,229194
201607,240,塞内加尔,32,江苏省,345115
201607,240,塞内加尔,33,浙江省,306838
201607,240,塞内加尔,34,安徽省,3879579
201607,240,塞内加尔,35,福建省,247646
201607,240,塞内加尔,37,山东省,1453230
201607,240,塞内加尔,41,河南省,1281645
201607,240,塞内加尔,42,湖北省,1
201607,240,塞内加尔,44,广东省,613492
201607,240,塞内加尔,52,贵州省,1163
201607,241,塞舌尔,11,北京市,556
201607,241,塞舌尔,44,广东省,10
201607,242,塞拉利昂,11,北京市,174897
201607,242,塞拉利昂,13,河北省,7328656
201607,242,塞拉利昂,21,辽宁省,1399843
201607,242,塞拉利昂,31,上海市,180371
201607,242,塞拉利昂,32,江苏省,3079639
201607,242,塞拉利昂,33,浙江省,202210
201607,242,塞拉利昂,35,福建省,1643128
201607,242,塞拉利昂,37,山东省,12911042
201607,242,塞拉利昂,41,河南省,257040
201607,242,塞拉利昂,44,广东省,450605
201607,242,塞拉利昂,61,陕西省,68
201607,243,索马里,11,北京市,19200
201607,243,索马里,31,上海市,1575
201607,243,索马里,37,山东省,20010
201607,243,索马里,41,河南省,82748
201607,243,索马里,44,广东省,202
201607,244,南非,11,北京市,139718746
201607,244,南非,12,天津市,35933856
201607,244,南非,13,河北省,80948963
201607,244,南非,14,山西省,30703386
201607,244,南非,15,内蒙古自治区,1924
201607,244,南非,21,辽宁省,19024609
201607,244,南非,22,吉林省,6447104
201607,244,南非,23,黑龙江省,182138
201607,244,南非,31,上海市,71558878
201607,244,南非,32,江苏省,37719270
201607,244,南非,33,浙江省,98404879
201607,244,南非,34,安徽省,2126840
201607,244,南非,35,福建省,216470928
201607,244,南非,36,江西省,12098108
201607,244,南非,37,山东省,55375900
201607,244,南非,41,河南省,8024371
201607,244,南非,42,湖北省,38622424
201607,244,南非,43,湖南省,36382813
201607,244,南非,44,广东省,722888006
201607,244,南非,45,广西壮族自治区,26177616
201607,244,南非,50,重庆市,872171
201607,244,南非,51,四川省,9659367
201607,244,南非,53,云南省,152711
201607,244,南非,61,陕西省,6213841
201607,244,南非,62,甘肃省,7662636
201607,244,南非,64,宁夏回族自治区,809828
201607,244,南非,65,新疆维吾尔自治区,1384
201607,246,苏丹,11,北京市,48607401
201607,246,苏丹,12,天津市,831064
201607,246,苏丹,22,吉林省,731789
201607,246,苏丹,23,黑龙江省,794600
201607,246,苏丹,31,上海市,30391
201607,246,苏丹,32,江苏省,1256567
201607,246,苏丹,33,浙江省,24000
201607,246,苏丹,34,安徽省,7067955
201607,246,苏丹,35,福建省,1047224
201607,246,苏丹,37,山东省,2632974
201607,246,苏丹,43,湖南省,237
201607,246,苏丹,44,广东省,662312
201607,246,苏丹,45,广西壮族自治区,76498
201607,246,苏丹,65,新疆维吾尔自治区,308724
201607,247,坦桑尼亚,11,北京市,707969
201607,247,坦桑尼亚,12,天津市,5033822
201607,247,坦桑尼亚,13,河北省,90
201607,247,坦桑尼亚,21,辽宁省,1887586
201607,247,坦桑尼亚,23,黑龙江省,98163
201607,247,坦桑尼亚,31,上海市,264372
201607,247,坦桑尼亚,32,江苏省,850895
201607,247,坦桑尼亚,33,浙江省,2050980
201607,247,坦桑尼亚,34,安徽省,1198116
201607,247,坦桑尼亚,35,福建省,1467491
201607,247,坦桑尼亚,37,山东省,1251732
201607,247,坦桑尼亚,41,河南省,6883941
201607,247,坦桑尼亚,42,湖北省,501329
201607,247,坦桑尼亚,43,湖南省,53729
201607,247,坦桑尼亚,44,广东省,1450163
201607,247,坦桑尼亚,53,云南省,17734
201607,248,多哥,11,北京市,199079
201607,248,多哥,12,天津市,1901394
201607,248,多哥,31,上海市,2064948
201607,248,多哥,32,江苏省,18455
201607,248,多哥,33,浙江省,311135
201607,248,多哥,34,安徽省,3354069
201607,248,多哥,35,福建省,2
201607,248,多哥,37,山东省,490467
201607,248,多哥,42,湖北省,401344
201607,248,多哥,44,广东省,211952
201607,248,多哥,45,广西壮族自治区,554755
201607,249,突尼斯,11,北京市,1198953
201607,249,突尼斯,12,天津市,53976
201607,249,突尼斯,13,河北省,79738
201607,249,突尼斯,21,辽宁省,182945
201607,249,突尼斯,22,吉林省,158408
201607,249,突尼斯,31,上海市,6147877
201607,249,突尼斯,32,江苏省,814634
201607,249,突尼斯,33,浙江省,828366
201607,249,突尼斯,34,安徽省,2679
201607,249,突尼斯,35,福建省,304628
201607,249,突尼斯,37,山东省,129783
201607,249,突尼斯,41,河南省,7915
201607,249,突尼斯,42,湖北省,52657
201607,249,突尼斯,44,广东省,1465395
201607,249,突尼斯,45,广西壮族自治区,3161
201607,249,突尼斯,46,海南省,91335
201607,249,突尼斯,50,重庆市,63939
201607,249,突尼斯,51,四川省,263252
201607,249,突尼斯,53,云南省,55
201607,249,突尼斯,61,陕西省,6717
201607,249,突尼斯,65,新疆维吾尔自治区,29084
201607,250,乌干达,11,北京市,214042
201607,250,乌干达,12,天津市,447840
201607,250,乌干达,13,河北省,7852
201607,250,乌干达,31,上海市,112478
201607,250,乌干达,32,江苏省,453971
201607,250,乌干达,33,浙江省,199874
201607,250,乌干达,34,安徽省,243930
201607,250,乌干达,35,福建省,19354
201607,250,乌干达,37,山东省,95285
201607,250,乌干达,41,河南省,644522
201607,250,乌干达,42,湖北省,33226
201607,250,乌干达,44,广东省,391264
201607,250,乌干达,53,云南省,73500
201607,251,布基纳法索,11,北京市,185
201607,251,布基纳法索,31,上海市,18
201607,251,布基纳法索,33,浙江省,6
201607,251,布基纳法索,37,山东省,104741
201607,251,布基纳法索,44,广东省,314
201607,251,布基纳法索,51,四川省,40
201607,252,刚果民主共和国,11,北京市,20411673
201607,252,刚果民主共和国,12,天津市,62163
201607,252,刚果民主共和国,31,上海市,14408592
201607,252,刚果民主共和国,32,江苏省,14184164
201607,252,刚果民主共和国,33,浙江省,36981415
201607,252,刚果民主共和国,34,安徽省,1055376
201607,252,刚果民主共和国,35,福建省,1
201607,252,刚果民主共和国,36,江西省,14399797
201607,252,刚果民主共和国,37,山东省,20418717
201607,252,刚果民主共和国,41,河南省,730247
201607,252,刚果民主共和国,42,湖北省,5236263
201607,252,刚果民主共和国,43,湖南省,190
201607,252,刚果民主共和国,44,广东省,14909765
201607,252,刚果民主共和国,51,四川省,20
201607,252,刚果民主共和国,62,甘肃省,6880045
201607,253,赞比亚,11,北京市,57060478
201607,253,赞比亚,12,天津市,12406512
201607,253,赞比亚,13,河北省,249165
201607,253,赞比亚,21,辽宁省,37636
201607,253,赞比亚,31,上海市,19389216
201607,253,赞比亚,32,江苏省,744005
201607,253,赞比亚,33,浙江省,16551215
201607,253,赞比亚,34,安徽省,898956
201607,253,赞比亚,35,福建省,15005151
201607,253,赞比亚,36,江西省,30
201607,253,赞比亚,37,山东省,16902328
201607,253,赞比亚,44,广东省,23079426
201607,253,赞比亚,51,四川省,18029
201607,253,赞比亚,53,云南省,82716
201607,254,津巴布韦,11,北京市,2166076
201607,254,津巴布韦,14,山西省,692982
201607,254,津巴布韦,31,上海市,5534
201607,254,津巴布韦,32,江苏省,1148
201607,254,津巴布韦,33,浙江省,2171453
201607,254,津巴布韦,35,福建省,4651157
201607,254,津巴布韦,37,山东省,601020
201607,254,津巴布韦,44,广东省,583159
201607,254,津巴布韦,51,四川省,2059763
201607,255,莱索托,11,北京市,228
201607,255,莱索托,13,河北省,1395
201607,255,莱索托,31,上海市,173457
201607,255,莱索托,32,江苏省,186762
201607,255,莱索托,33,浙江省,144894
201607,255,莱索托,35,福建省,21
201607,255,莱索托,44,广东省,147920
201607,255,莱索托,51,四川省,1988
201607,257,斯威士兰,11,北京市,213
201607,257,斯威士兰,21,辽宁省,331
201607,257,斯威士兰,31,上海市,1889
201607,257,斯威士兰,32,江苏省,787
201607,257,斯威士兰,44,广东省,7138
201607,258,厄立特里亚,11,北京市,188
201607,258,厄立特里亚,44,广东省,15
201607,260,南苏丹,11,北京市,140271099
201607,301,比利时,11,北京市,92504826
201607,301,比利时,12,天津市,10863003
201607,301,比利时,13,河北省,4922767
201607,301,比利时,14,山西省,184531
201607,301,比利时,15,内蒙古自治区,3340
201607,301,比利时,21,辽宁省,3687604
201607,301,比利时,22,吉林省,36692983
201607,301,比利时,23,黑龙江省,2384557
201607,301,比利时,31,上海市,155758872
201607,301,比利时,32,江苏省,70845123
201607,301,比利时,33,浙江省,33745896
201607,301,比利时,34,安徽省,6178448
201607,301,比利时,35,福建省,17489305
201607,301,比利时,36,江西省,3753968
201607,301,比利时,37,山东省,30887855
201607,301,比利时,41,河南省,1027185
201607,301,比利时,42,湖北省,2005557
201607,301,比利时,43,湖南省,1640257
201607,301,比利时,44,广东省,66912089
201607,301,比利时,45,广西壮族自治区,965263
201607,301,比利时,46,海南省,315959
201607,301,比利时,50,重庆市,553881
201607,301,比利时,51,四川省,1888045
201607,301,比利时,53,云南省,118063
201607,301,比利时,54,西藏自治区,8071776
201607,301,比利时,61,陕西省,14442209
201607,301,比利时,64,宁夏回族自治区,1303175
201607,301,比利时,65,新疆维吾尔自治区,117154
201607,302,丹麦,11,北京市,54228134
201607,302,丹麦,12,天津市,92472746
201607,302,丹麦,13,河北省,11376910
201607,302,丹麦,14,山西省,8247
201607,302,丹麦,15,内蒙古自治区,32453
201607,302,丹麦,21,辽宁省,19731283
201607,302,丹麦,22,吉林省,1198144
201607,302,丹麦,23,黑龙江省,1359759
201607,302,丹麦,31,上海市,82196508
201607,302,丹麦,32,江苏省,24009885
201607,302,丹麦,33,浙江省,19212099
201607,302,丹麦,34,安徽省,836603
201607,302,丹麦,35,福建省,5603262
201607,302,丹麦,36,江西省,10059
201607,302,丹麦,37,山东省,23165987
201607,302,丹麦,41,河南省,1155536
201607,302,丹麦,42,湖北省,1785503
201607,302,丹麦,43,湖南省,1107158
201607,302,丹麦,44,广东省,48802319
201607,302,丹麦,45,广西壮族自治区,99921
201607,302,丹麦,46,海南省,5946
201607,302,丹麦,50,重庆市,448042
201607,302,丹麦,51,四川省,8286290
201607,302,丹麦,53,云南省,117985
201607,302,丹麦,61,陕西省,4196788
201607,302,丹麦,64,宁夏回族自治区,420795
201607,302,丹麦,65,新疆维吾尔自治区,57600
201607,303,英国,11,北京市,301982651
201607,303,英国,12,天津市,132263436
201607,303,英国,13,河北省,7501076
201607,303,英国,14,山西省,2728629
201607,303,英国,15,内蒙古自治区,2329483
201607,303,英国,21,辽宁省,143709016
201607,303,英国,22,吉林省,2877366
201607,303,英国,23,黑龙江省,8221873
201607,303,英国,31,上海市,586203808
201607,303,英国,32,江苏省,126384323
201607,303,英国,33,浙江省,99230302
201607,303,英国,34,安徽省,4921316
201607,303,英国,35,福建省,51148129
201607,303,英国,36,江西省,2054398
201607,303,英国,37,山东省,131528944
201607,303,英国,41,河南省,12179467
201607,303,英国,42,湖北省,11125010
201607,303,英国,43,湖南省,5572011
201607,303,英国,44,广东省,142505702
201607,303,英国,45,广西壮族自治区,1858575
201607,303,英国,46,海南省,2426565
201607,303,英国,50,重庆市,18315680
201607,303,英国,51,四川省,4244452
201607,303,英国,52,贵州省,2558088
201607,303,英国,53,云南省,2591612
201607,303,英国,54,西藏自治区,17492703
201607,303,英国,61,陕西省,5122693
201607,303,英国,62,甘肃省,146869
201607,303,英国,63,青海省,224668
201607,303,英国,64,宁夏回族自治区,440621
201607,303,英国,65,新疆维吾尔自治区,1089046
201607,304,德国,11,北京市,1663313679
201607,304,德国,12,天津市,505583652
201607,304,德国,13,河北省,66667804
201607,304,德国,14,山西省,9712066
201607,304,德国,15,内蒙古自治区,4832985
201607,304,德国,21,辽宁省,306352951
201607,304,德国,22,吉林省,551648041
201607,304,德国,23,黑龙江省,19962339
201607,304,德国,31,上海市,2009632086
201607,304,德国,32,江苏省,720452428
201607,304,德国,33,浙江省,223046931
201607,304,德国,34,安徽省,52972562
201607,304,德国,35,福建省,86294568
201607,304,德国,36,江西省,43248189
201607,304,德国,37,山东省,156990309
201607,304,德国,41,河南省,35046344
201607,304,德国,42,湖北省,42969764
201607,304,德国,43,湖南省,40707080
201607,304,德国,44,广东省,567544887
201607,304,德国,45,广西壮族自治区,7248908
201607,304,德国,46,海南省,116832959
201607,304,德国,50,重庆市,53834673
201607,304,德国,51,四川省,96139563
201607,304,德国,52,贵州省,1218444
201607,304,德国,53,云南省,11189545
201607,304,德国,54,西藏自治区,476285
201607,304,德国,61,陕西省,37733309
201607,304,德国,62,甘肃省,2928026
201607,304,德国,63,青海省,69498
201607,304,德国,64,宁夏回族自治区,12530378
201607,304,德国,65,新疆维吾尔自治区,14202266
201607,305,法国,11,北京市,166748570
201607,305,法国,12,天津市,112791539
201607,305,法国,13,河北省,5367387
201607,305,法国,14,山西省,58142
201607,305,法国,15,内蒙古自治区,295517
201607,305,法国,21,辽宁省,54685160
201607,305,法国,22,吉林省,10590108
201607,305,法国,23,黑龙江省,14770088
201607,305,法国,31,上海市,577038544
201607,305,法国,32,江苏省,145098890
201607,305,法国,33,浙江省,133467181
201607,305,法国,34,安徽省,6599102
201607,305,法国,35,福建省,124411580
201607,305,法国,36,江西省,2991125
201607,305,法国,37,山东省,60438157
201607,305,法国,41,河南省,11578206
201607,305,法国,42,湖北省,46596949
201607,305,法国,43,湖南省,2219132
201607,305,法国,44,广东省,300886831
201607,305,法国,45,广西壮族自治区,489070
201607,305,法国,46,海南省,10299407
201607,305,法国,50,重庆市,2820326
201607,305,法国,51,四川省,16509773
201607,305,法国,52,贵州省,2906577
201607,305,法国,53,云南省,1133422
201607,305,法国,54,西藏自治区,87203856
201607,305,法国,61,陕西省,14433058
201607,305,法国,62,甘肃省,145533
201607,305,法国,63,青海省,25528
201607,305,法国,64,宁夏回族自治区,2266180
201607,305,法国,65,新疆维吾尔自治区,4080440
201607,306,爱尔兰,11,北京市,45284965
201607,306,爱尔兰,12,天津市,5334286
201607,306,爱尔兰,13,河北省,1016074
201607,306,爱尔兰,14,山西省,88247
201607,306,爱尔兰,21,辽宁省,25226345
201607,306,爱尔兰,22,吉林省,530838
201607,306,爱尔兰,23,黑龙江省,383611
201607,306,爱尔兰,31,上海市,207289104
201607,306,爱尔兰,32,江苏省,16495794
201607,306,爱尔兰,33,浙江省,4108320
201607,306,爱尔兰,34,安徽省,270557
201607,306,爱尔兰,35,福建省,2382897
201607,306,爱尔兰,36,江西省,115956
201607,306,爱尔兰,37,山东省,7201806
201607,306,爱尔兰,41,河南省,1650594
201607,306,爱尔兰,42,湖北省,4425410
201607,306,爱尔兰,43,湖南省,1217426
201607,306,爱尔兰,44,广东省,39180328
201607,306,爱尔兰,45,广西壮族自治区,25666
201607,306,爱尔兰,50,重庆市,602437
201607,306,爱尔兰,51,四川省,62910358
201607,306,爱尔兰,53,云南省,629
201607,306,爱尔兰,61,陕西省,7249474
201607,306,爱尔兰,65,新疆维吾尔自治区,305963
201607,307,意大利,11,北京市,200831026
201607,307,意大利,12,天津市,39331608
201607,307,意大利,13,河北省,9771242
201607,307,意大利,14,山西省,11551328
201607,307,意大利,15,内蒙古自治区,254507
201607,307,意大利,21,辽宁省,28078893
201607,307,意大利,22,吉林省,16726110
201607,307,意大利,23,黑龙江省,12537887
201607,307,意大利,31,上海市,495695381
201607,307,意大利,32,江苏省,142338112
201607,307,意大利,33,浙江省,76625590
201607,307,意大利,34,安徽省,8381893
201607,307,意大利,35,福建省,33732548
201607,307,意大利,36,江西省,1628096
201607,307,意大利,37,山东省,54799547
201607,307,意大利,41,河南省,6993327
201607,307,意大利,42,湖北省,8287612
201607,307,意大利,43,湖南省,6977026
201607,307,意大利,44,广东省,225589533
201607,307,意大利,45,广西壮族自治区,2574587
201607,307,意大利,46,海南省,10607517
201607,307,意大利,50,重庆市,9998195
201607,307,意大利,51,四川省,10031980
201607,307,意大利,52,贵州省,574245
201607,307,意大利,53,云南省,5472741
201607,307,意大利,54,西藏自治区,3730271
201607,307,意大利,61,陕西省,19317571
201607,307,意大利,62,甘肃省,1242759
201607,307,意大利,63,青海省,660328
201607,307,意大利,64,宁夏回族自治区,1891743
201607,307,意大利,65,新疆维吾尔自治区,5463904
201607,308,卢森堡,11,北京市,524013
201607,308,卢森堡,12,天津市,115372
201607,308,卢森堡,13,河北省,1428268
201607,308,卢森堡,21,辽宁省,1104204
201607,308,卢森堡,22,吉林省,714501
201607,308,卢森堡,31,上海市,4698752
201607,308,卢森堡,32,江苏省,7104843
201607,308,卢森堡,33,浙江省,1309824
201607,308,卢森堡,34,安徽省,414369
201607,308,卢森堡,35,福建省,609750
201607,308,卢森堡,36,江西省,23915
201607,308,卢森堡,37,山东省,1074347
201607,308,卢森堡,42,湖北省,94870
201607,308,卢森堡,43,湖南省,247
201607,308,卢森堡,44,广东省,6812167
201607,308,卢森堡,45,广西壮族自治区,140743
201607,308,卢森堡,50,重庆市,66640
201607,308,卢森堡,51,四川省,12114
201607,309,荷兰,11,北京市,151710037
201607,309,荷兰,12,天津市,19765300
201607,309,荷兰,13,河北省,15747453
201607,309,荷兰,14,山西省,714282
201607,309,荷兰,15,内蒙古自治区,1286382
201607,309,荷兰,21,辽宁省,11566248
201607,309,荷兰,22,吉林省,6280132
201607,309,荷兰,23,黑龙江省,3213384
201607,309,荷兰,31,上海市,158952227
201607,309,荷兰,32,江苏省,79347213
201607,309,荷兰,33,浙江省,41281463
201607,309,荷兰,34,安徽省,6459107
201607,309,荷兰,35,福建省,29592042
201607,309,荷兰,36,江西省,2479775
201607,309,荷兰,37,山东省,36428399
201607,309,荷兰,41,河南省,4156528
201607,309,荷兰,42,湖北省,2697357
201607,309,荷兰,43,湖南省,12938627
201607,309,荷兰,44,广东省,97090508
201607,309,荷兰,45,广西壮族自治区,142999
201607,309,荷兰,46,海南省,975516
201607,309,荷兰,50,重庆市,4035882
201607,309,荷兰,51,四川省,8183944
201607,309,荷兰,53,云南省,9382883
201607,309,荷兰,54,西藏自治区,321
201607,309,荷兰,61,陕西省,4321598
201607,309,荷兰,62,甘肃省,316320
201607,309,荷兰,64,宁夏回族自治区,1474076
201607,309,荷兰,65,新疆维吾尔自治区,230597
201607,310,希腊,11,北京市,442455
201607,310,希腊,12,天津市,583457
201607,310,希腊,13,河北省,40247
201607,310,希腊,14,山西省,1210
201607,310,希腊,21,辽宁省,467396
201607,310,希腊,31,上海市,5607384
201607,310,希腊,32,江苏省,1030445
201607,310,希腊,33,浙江省,973962
201607,310,希腊,34,安徽省,425902
201607,310,希腊,35,福建省,995189
201607,310,希腊,37,山东省,69813
201607,310,希腊,41,河南省,12853
201607,310,希腊,42,湖北省,43830
201607,310,希腊,44,广东省,3070584
201607,310,希腊,45,广西壮族自治区,249
201607,310,希腊,51,四川省,39877
201607,310,希腊,52,贵州省,1781
201607,311,葡萄牙,11,北京市,8747209
201607,311,葡萄牙,12,天津市,16465670
201607,311,葡萄牙,13,河北省,3423095
201607,311,葡萄牙,15,内蒙古自治区,274752
201607,311,葡萄牙,21,辽宁省,6074304
201607,311,葡萄牙,22,吉林省,13579170
201607,311,葡萄牙,23,黑龙江省,21779
201607,311,葡萄牙,31,上海市,34931995
201607,311,葡萄牙,32,江苏省,7611593
201607,311,葡萄牙,33,浙江省,3943194
201607,311,葡萄牙,34,安徽省,2428545
201607,311,葡萄牙,35,福建省,10291010
201607,311,葡萄牙,36,江西省,12057
201607,311,葡萄牙,37,山东省,2068668
201607,311,葡萄牙,41,河南省,1073618
201607,311,葡萄牙,42,湖北省,149547
201607,311,葡萄牙,43,湖南省,12198
201607,311,葡萄牙,44,广东省,25329754
201607,311,葡萄牙,45,广西壮族自治区,143292
201607,311,葡萄牙,46,海南省,53225
201607,311,葡萄牙,50,重庆市,1243712
201607,311,葡萄牙,51,四川省,650077
201607,311,葡萄牙,53,云南省,21311
201607,311,葡萄牙,61,陕西省,21859
201607,311,葡萄牙,63,青海省,4207
201607,311,葡萄牙,64,宁夏回族自治区,552
201607,311,葡萄牙,65,新疆维吾尔自治区,1797507
201607,312,西班牙,11,北京市,36318915
201607,312,西班牙,12,天津市,24317432
201607,312,西班牙,13,河北省,4944820
201607,312,西班牙,14,山西省,822562
201607,312,西班牙,15,内蒙古自治区,593
201607,312,西班牙,21,辽宁省,22238335
201607,312,西班牙,22,吉林省,16463238
201607,312,西班牙,23,黑龙江省,3526283
201607,312,西班牙,31,上海市,122404838
201607,312,西班牙,32,江苏省,91469049
201607,312,西班牙,33,浙江省,32519437
201607,312,西班牙,34,安徽省,4194423
201607,312,西班牙,35,福建省,23566632
201607,312,西班牙,36,江西省,2146730
201607,312,西班牙,37,山东省,48205195
201607,312,西班牙,41,河南省,9009184
201607,312,西班牙,42,湖北省,3919986
201607,312,西班牙,43,湖南省,4533171
201607,312,西班牙,44,广东省,67665498
201607,312,西班牙,45,广西壮族自治区,30328320
201607,312,西班牙,46,海南省,415102
201607,312,西班牙,50,重庆市,5449164
201607,312,西班牙,51,四川省,9538061
201607,312,西班牙,52,贵州省,34608
201607,312,西班牙,53,云南省,4457445
201607,312,西班牙,54,西藏自治区,308080
201607,312,西班牙,61,陕西省,655331
201607,312,西班牙,62,甘肃省,819
201607,312,西班牙,63,青海省,9848
201607,312,西班牙,64,宁夏回族自治区,1480000
201607,312,西班牙,65,新疆维吾尔自治区,303620
201607,313,阿尔巴尼亚,11,北京市,1133115
201607,313,阿尔巴尼亚,12,天津市,988997
201607,313,阿尔巴尼亚,13,河北省,679782
201607,313,阿尔巴尼亚,14,山西省,157704
201607,313,阿尔巴尼亚,21,辽宁省,317332
201607,313,阿尔巴尼亚,31,上海市,1296686
201607,313,阿尔巴尼亚,32,江苏省,359557
201607,313,阿尔巴尼亚,33,浙江省,899566
201607,313,阿尔巴尼亚,34,安徽省,547329
201607,313,阿尔巴尼亚,35,福建省,493243
201607,313,阿尔巴尼亚,41,河南省,544422
201607,313,阿尔巴尼亚,42,湖北省,40
201607,313,阿尔巴尼亚,44,广东省,495694
201607,313,阿尔巴尼亚,45,广西壮族自治区,79564
201607,313,阿尔巴尼亚,46,海南省,8339
201607,313,阿尔巴尼亚,50,重庆市,6152
201607,313,阿尔巴尼亚,51,四川省,3918332
201607,314,安道尔,11,北京市,1431
201607,314,安道尔,44,广东省,27513
201607,315,奥地利,11,北京市,97918063
201607,315,奥地利,12,天津市,10308846
201607,315,奥地利,13,河北省,5240392
201607,315,奥地利,14,山西省,539234
201607,315,奥地利,15,内蒙古自治区,137781
201607,315,奥地利,21,辽宁省,24845392
201607,315,奥地利,22,吉林省,14235806
201607,315,奥地利,23,黑龙江省,61710
201607,315,奥地利,31,上海市,88485205
201607,315,奥地利,32,江苏省,76527156
201607,315,奥地利,33,浙江省,10779628
201607,315,奥地利,34,安徽省,2742808
201607,315,奥地利,35,福建省,5448984
201607,315,奥地利,36,江西省,88559
201607,315,奥地利,37,山东省,23732948
201607,315,奥地利,41,河南省,3313783
201607,315,奥地利,42,湖北省,1644539
201607,315,奥地利,43,湖南省,4011015
201607,315,奥地利,44,广东省,56753864
201607,315,奥地利,45,广西壮族自治区,414880
201607,315,奥地利,46,海南省,1201409
201607,315,奥地利,50,重庆市,4920264
201607,315,奥地利,51,四川省,6836279
201607,315,奥地利,52,贵州省,88730
201607,315,奥地利,53,云南省,11165031
201607,315,奥地利,61,陕西省,963656
201607,315,奥地利,62,甘肃省,1433527
201607,315,奥地利,64,宁夏回族自治区,869905
201607,316,保加利亚,11,北京市,2509385
201607,316,保加利亚,12,天津市,874921
201607,316,保加利亚,13,河北省,10431
201607,316,保加利亚,14,山西省,687
201607,316,保加利亚,21,辽宁省,1501667
201607,316,保加利亚,22,吉林省,573675
201607,316,保加利亚,23,黑龙江省,10622
201607,316,保加利亚,31,上海市,7114953
201607,316,保加利亚,32,江苏省,1990544
201607,316,保加利亚,33,浙江省,1466638
201607,316,保加利亚,34,安徽省,2502569
201607,316,保加利亚,35,福建省,245813
201607,316,保加利亚,36,江西省,6542
201607,316,保加利亚,37,山东省,8347892
201607,316,保加利亚,41,河南省,37774
201607,316,保加利亚,42,湖北省,18195
201607,316,保加利亚,43,湖南省,93190
201607,316,保加利亚,44,广东省,1042310
201607,316,保加利亚,45,广西壮族自治区,3641
201607,316,保加利亚,46,海南省,96429
201607,316,保加利亚,50,重庆市,149391
201607,316,保加利亚,51,四川省,19387
201607,316,保加利亚,53,云南省,26
201607,316,保加利亚,61,陕西省,29087
201607,318,芬兰,11,北京市,39247881
201607,318,芬兰,12,天津市,2379766
201607,318,芬兰,13,河北省,7266221
201607,318,芬兰,14,山西省,139526
201607,318,芬兰,15,内蒙古自治区,130000
201607,318,芬兰,21,辽宁省,6573556
201607,318,芬兰,22,吉林省,300418
201607,318,芬兰,23,黑龙江省,6275061
201607,318,芬兰,31,上海市,54732033
201607,318,芬兰,32,江苏省,32440411
201607,318,芬兰,33,浙江省,29371403
201607,318,芬兰,34,安徽省,2068334
201607,318,芬兰,35,福建省,19561445
201607,318,芬兰,36,江西省,741326
201607,318,芬兰,37,山东省,48100923
201607,318,芬兰,41,河南省,4614094
201607,318,芬兰,42,湖北省,2099190
201607,318,芬兰,43,湖南省,1129826
201607,318,芬兰,44,广东省,68285459
201607,318,芬兰,45,广西壮族自治区,6780729
201607,318,芬兰,46,海南省,1175761
201607,318,芬兰,50,重庆市,1497535
201607,318,芬兰,51,四川省,1741117
201607,318,芬兰,52,贵州省,14570
201607,318,芬兰,53,云南省,560467
201607,318,芬兰,61,陕西省,307509
201607,318,芬兰,62,甘肃省,19900
201607,318,芬兰,64,宁夏回族自治区,159189
201607,318,芬兰,65,新疆维吾尔自治区,5072516
201607,320,直布罗陀,45,广西壮族自治区,261
201607,321,匈牙利,11,北京市,44721574
201607,321,匈牙利,12,天津市,3575630
201607,321,匈牙利,13,河北省,1051926
201607,321,匈牙利,14,山西省,135200
201607,321,匈牙利,21,辽宁省,17224817
201607,321,匈牙利,22,吉林省,77134904
201607,321,匈牙利,23,黑龙江省,66799
201607,321,匈牙利,31,上海市,47440189
201607,321,匈牙利,32,江苏省,27893863
201607,321,匈牙利,33,浙江省,6893379
201607,321,匈牙利,34,安徽省,729936
201607,321,匈牙利,35,福建省,2538815
201607,321,匈牙利,36,江西省,676795
201607,321,匈牙利,37,山东省,2781575
201607,321,匈牙利,41,河南省,113131
201607,321,匈牙利,42,湖北省,1978743
201607,321,匈牙利,43,湖南省,3369101
201607,321,匈牙利,44,广东省,29785875
201607,321,匈牙利,45,广西壮族自治区,150145
201607,321,匈牙利,46,海南省,65018
201607,321,匈牙利,50,重庆市,2711075
201607,321,匈牙利,51,四川省,1845717
201607,321,匈牙利,53,云南省,4598
201607,321,匈牙利,61,陕西省,729129
201607,321,匈牙利,64,宁夏回族自治区,23666
201607,322,冰岛,11,北京市,543191
201607,322,冰岛,12,天津市,82760
201607,322,冰岛,21,辽宁省,2231027
201607,322,冰岛,31,上海市,509763
201607,322,冰岛,32,江苏省,252629
201607,322,冰岛,33,浙江省,223163
201607,322,冰岛,35,福建省,724851
201607,322,冰岛,37,山东省,3340393
201607,322,冰岛,44,广东省,253743
201607,322,冰岛,45,广西壮族自治区,452
201607,322,冰岛,65,新疆维吾尔自治区,62
201607,323,列支敦士登,11,北京市,116578
201607,323,列支敦士登,12,天津市,640
201607,323,列支敦士登,13,河北省,9986
201607,323,列支敦士登,21,辽宁省,7044
201607,323,列支敦士登,22,吉林省,324060
201607,323,列支敦士登,31,上海市,4246806
201607,323,列支敦士登,32,江苏省,203011
201607,323,列支敦士登,33,浙江省,572252
201607,323,列支敦士登,42,湖北省,2174
201607,323,列支敦士登,44,广东省,2571470
201607,323,列支敦士登,45,广西壮族自治区,132
201607,323,列支敦士登,50,重庆市,26853
201607,323,列支敦士登,61,陕西省,8268
201607,324,马耳他,11,北京市,148568
201607,324,马耳他,12,天津市,415422
201607,324,马耳他,13,河北省,725
201607,324,马耳他,21,辽宁省,73506
201607,324,马耳他,22,吉林省,947229
201607,324,马耳他,31,上海市,4842905
201607,324,马耳他,32,江苏省,4675568
201607,324,马耳他,33,浙江省,770120
201607,324,马耳他,34,安徽省,25500
201607,324,马耳他,35,福建省,160730
201607,324,马耳他,36,江西省,103831
201607,324,马耳他,37,山东省,182954
201607,324,马耳他,42,湖北省,11876
201607,324,马耳他,43,湖南省,43884
201607,324,马耳他,44,广东省,17157237
201607,324,马耳他,45,广西壮族自治区,1467455
201607,324,马耳他,50,重庆市,786126
201607,324,马耳他,51,四川省,442309
201607,324,马耳他,61,陕西省,1983
201607,325,摩纳哥,11,北京市,52115
201607,325,摩纳哥,12,天津市,43739
201607,325,摩纳哥,21,辽宁省,18534
201607,325,摩纳哥,31,上海市,407259
201607,325,摩纳哥,32,江苏省,7414
201607,325,摩纳哥,33,浙江省,2476
201607,325,摩纳哥,37,山东省,1898
201607,325,摩纳哥,41,河南省,36371
201607,325,摩纳哥,44,广东省,12880
201607,325,摩纳哥,46,海南省,2626
201607,325,摩纳哥,51,四川省,1929
201607,326,挪威,11,北京市,62548476
201607,326,挪威,12,天津市,1064674
201607,326,挪威,13,河北省,171918
201607,326,挪威,14,山西省,279720
201607,326,挪威,15,内蒙古自治区,582090
201607,326,挪威,21,辽宁省,5276101
201607,326,挪威,22,吉林省,1998185
201607,326,挪威,23,黑龙江省,42524
201607,326,挪威,31,上海市,88898227
201607,326,挪威,32,江苏省,20392825
201607,326,挪威,33,浙江省,6279647
201607,326,挪威,34,安徽省,2498
201607,326,挪威,35,福建省,6984351
201607,326,挪威,36,江西省,33087
201607,326,挪威,37,山东省,25116452
201607,326,挪威,41,河南省,1135419
201607,326,挪威,42,湖北省,995020
201607,326,挪威,43,湖南省,257241
201607,326,挪威,44,广东省,20192124
201607,326,挪威,45,广西壮族自治区,735
201607,326,挪威,50,重庆市,12826
201607,326,挪威,51,四川省,468265
201607,326,挪威,61,陕西省,290969
201607,326,挪威,63,青海省,17646
201607,326,挪威,64,宁夏回族自治区,680553
201607,326,挪威,65,新疆维吾尔自治区,3683
201607,327,波兰,11,北京市,35373908
201607,327,波兰,12,天津市,4241656
201607,327,波兰,13,河北省,416292
201607,327,波兰,14,山西省,1151
201607,327,波兰,21,辽宁省,15430021
201607,327,波兰,22,吉林省,9606493
201607,327,波兰,23,黑龙江省,391011
201607,327,波兰,31,上海市,50010582
201607,327,波兰,32,江苏省,21882551
201607,327,波兰,33,浙江省,9819685
201607,327,波兰,34,安徽省,2150045
201607,327,波兰,35,福建省,8781934
201607,327,波兰,36,江西省,425027
201607,327,波兰,37,山东省,11638994
201607,327,波兰,41,河南省,172272
201607,327,波兰,42,湖北省,1268926
201607,327,波兰,43,湖南省,1031413
201607,327,波兰,44,广东省,17994535
201607,327,波兰,45,广西壮族自治区,88317
201607,327,波兰,46,海南省,2926287
201607,327,波兰,50,重庆市,2257169
201607,327,波兰,51,四川省,2938898
201607,327,波兰,52,贵州省,93177
201607,327,波兰,53,云南省,11487
201607,327,波兰,61,陕西省,682151
201607,327,波兰,62,甘肃省,31
201607,328,罗马尼亚,11,北京市,17470698
201607,328,罗马尼亚,12,天津市,2440082
201607,328,罗马尼亚,13,河北省,1288886
201607,328,罗马尼亚,14,山西省,6515
201607,328,罗马尼亚,21,辽宁省,8503082
201607,328,罗马尼亚,22,吉林省,15938854
201607,328,罗马尼亚,23,黑龙江省,222844
201607,328,罗马尼亚,31,上海市,39304414
201607,328,罗马尼亚,32,江苏省,8826019
201607,328,罗马尼亚,33,浙江省,8163233
201607,328,罗马尼亚,34,安徽省,1122943
201607,328,罗马尼亚,35,福建省,831107
201607,328,罗马尼亚,36,江西省,1029351
201607,328,罗马尼亚,37,山东省,4661896
201607,328,罗马尼亚,41,河南省,65108
201607,328,罗马尼亚,42,湖北省,121806
201607,328,罗马尼亚,43,湖南省,869358
201607,328,罗马尼亚,44,广东省,10174415
201607,328,罗马尼亚,45,广西壮族自治区,11856
201607,328,罗马尼亚,46,海南省,807693
201607,328,罗马尼亚,50,重庆市,1067221
201607,328,罗马尼亚,51,四川省,502787
201607,328,罗马尼亚,53,云南省,25281
201607,328,罗马尼亚,61,陕西省,318538
201607,328,罗马尼亚,65,新疆维吾尔自治区,72949
201607,329,圣马力诺,11,北京市,31260
201607,329,圣马力诺,31,上海市,197
201607,329,圣马力诺,33,浙江省,27199
201607,329,圣马力诺,44,广东省,42477
201607,330,瑞典,11,北京市,68667068
201607,330,瑞典,12,天津市,9346275
201607,330,瑞典,13,河北省,17105754
201607,330,瑞典,14,山西省,374053
201607,330,瑞典,15,内蒙古自治区,8778942
201607,330,瑞典,21,辽宁省,8445647
201607,330,瑞典,22,吉林省,3188684
201607,330,瑞典,23,黑龙江省,3342694
201607,330,瑞典,31,上海市,132181261
201607,330,瑞典,32,江苏省,150892222
201607,330,瑞典,33,浙江省,12932446
201607,330,瑞典,34,安徽省,568834
201607,330,瑞典,35,福建省,8444251
201607,330,瑞典,36,江西省,331729
201607,330,瑞典,37,山东省,19867904
201607,330,瑞典,41,河南省,455849
201607,330,瑞典,42,湖北省,4647597
201607,330,瑞典,43,湖南省,4475419
201607,330,瑞典,44,广东省,33617330
201607,330,瑞典,45,广西壮族自治区,1731993
201607,330,瑞典,46,海南省,413236
201607,330,瑞典,50,重庆市,7278879
201607,330,瑞典,51,四川省,7272689
201607,330,瑞典,52,贵州省,148
201607,330,瑞典,53,云南省,246832
201607,330,瑞典,61,陕西省,1482294
201607,330,瑞典,64,宁夏回族自治区,304786
201607,330,瑞典,65,新疆维吾尔自治区,956877
201607,331,瑞士,11,北京市,2178864927
201607,331,瑞士,12,天津市,6012523
201607,331,瑞士,13,河北省,3091315
201607,331,瑞士,14,山西省,487558
201607,331,瑞士,15,内蒙古自治区,818062
201607,331,瑞士,21,辽宁省,7797339
201607,331,瑞士,22,吉林省,4761045
201607,331,瑞士,23,黑龙江省,1644606
201607,331,瑞士,31,上海市,1178500041
201607,331,瑞士,32,江苏省,77479366
201607,331,瑞士,33,浙江省,20006408
201607,331,瑞士,34,安徽省,1117070
201607,331,瑞士,35,福建省,10999918
201607,331,瑞士,36,江西省,11967303
201607,331,瑞士,37,山东省,13771254
201607,331,瑞士,41,河南省,2091342
201607,331,瑞士,42,湖北省,3214936
201607,331,瑞士,43,湖南省,5253357
201607,331,瑞士,44,广东省,203329112
201607,331,瑞士,45,广西壮族自治区,739325
201607,331,瑞士,46,海南省,6103019
201607,331,瑞士,50,重庆市,3525398
201607,331,瑞士,51,四川省,1556403
201607,331,瑞士,53,云南省,1740519
201607,331,瑞士,54,西藏自治区,208430
201607,331,瑞士,61,陕西省,24155743
201607,331,瑞士,62,甘肃省,67074
201607,331,瑞士,63,青海省,71892
201607,331,瑞士,64,宁夏回族自治区,3620
201607,331,瑞士,65,新疆维吾尔自治区,3925646
201607,334,爱沙尼亚,11,北京市,7182784
201607,334,爱沙尼亚,12,天津市,387914
201607,334,爱沙尼亚,13,河北省,16654
201607,334,爱沙尼亚,21,辽宁省,204471
201607,334,爱沙尼亚,22,吉林省,153353
201607,334,爱沙尼亚,31,上海市,4441204
201607,334,爱沙尼亚,32,江苏省,7001447
201607,334,爱沙尼亚,33,浙江省,1013869
201607,334,爱沙尼亚,34,安徽省,14383
201607,334,爱沙尼亚,35,福建省,879742
201607,334,爱沙尼亚,36,江西省,72008
201607,334,爱沙尼亚,37,山东省,3194641
201607,334,爱沙尼亚,43,湖南省,108031
201607,334,爱沙尼亚,44,广东省,1112510
201607,334,爱沙尼亚,45,广西壮族自治区,65
201607,334,爱沙尼亚,51,四川省,111082
201607,334,爱沙尼亚,53,云南省,9266
201607,335,拉脱维亚,11,北京市,659121
201607,335,拉脱维亚,12,天津市,204531
201607,335,拉脱维亚,13,河北省,338
201607,335,拉脱维亚,21,辽宁省,109297
201607,335,拉脱维亚,23,黑龙江省,149731
201607,335,拉脱维亚,31,上海市,2784905
201607,335,拉脱维亚,32,江苏省,785159
201607,335,拉脱维亚,33,浙江省,2713650
201607,335,拉脱维亚,34,安徽省,57347
201607,335,拉脱维亚,35,福建省,1237661
201607,335,拉脱维亚,36,江西省,418496
201607,335,拉脱维亚,37,山东省,788562
201607,335,拉脱维亚,44,广东省,1048953
201607,335,拉脱维亚,51,四川省,8014
201607,335,拉脱维亚,53,云南省,238699
201607,336,立陶宛,11,北京市,400120
201607,336,立陶宛,12,天津市,897688
201607,336,立陶宛,15,内蒙古自治区,17447
201607,336,立陶宛,21,辽宁省,284916
201607,336,立陶宛,31,上海市,4166096
201607,336,立陶宛,32,江苏省,8237305
201607,336,立陶宛,33,浙江省,2308101
201607,336,立陶宛,34,安徽省,14386
201607,336,立陶宛,35,福建省,176322
201607,336,立陶宛,37,山东省,53147
201607,336,立陶宛,41,河南省,2740
201607,336,立陶宛,42,湖北省,9116
201607,336,立陶宛,43,湖南省,17691
201607,336,立陶宛,44,广东省,2042601
201607,336,立陶宛,45,广西壮族自治区,445
201607,336,立陶宛,50,重庆市,17043
201607,336,立陶宛,51,四川省,344
201607,336,立陶宛,61,陕西省,96513
201607,337,格鲁吉亚(2023年起停用),11,北京市,166041
201607,337,格鲁吉亚(2023年起停用),12,天津市,464
201607,337,格鲁吉亚(2023年起停用),13,河北省,14916
201607,337,格鲁吉亚(2023年起停用),15,内蒙古自治区,49949
201607,337,格鲁吉亚(2023年起停用),21,辽宁省,53345
201607,337,格鲁吉亚(2023年起停用),22,吉林省,24268
201607,337,格鲁吉亚(2023年起停用),31,上海市,564845
201607,337,格鲁吉亚(2023年起停用),32,江苏省,4146
201607,337,格鲁吉亚(2023年起停用),33,浙江省,378209
201607,337,格鲁吉亚(2023年起停用),35,福建省,7406
201607,337,格鲁吉亚(2023年起停用),37,山东省,117823
201607,337,格鲁吉亚(2023年起停用),44,广东省,8132
201607,337,格鲁吉亚(2023年起停用),50,重庆市,11618
201607,337,格鲁吉亚(2023年起停用),51,四川省,90
201607,337,格鲁吉亚(2023年起停用),65,新疆维吾尔自治区,414434
201607,338,亚美尼亚(2023年起停用),11,北京市,14162
201607,338,亚美尼亚(2023年起停用),12,天津市,95
201607,338,亚美尼亚(2023年起停用),23,黑龙江省,500
201607,338,亚美尼亚(2023年起停用),31,上海市,767073
201607,338,亚美尼亚(2023年起停用),32,江苏省,26203
201607,338,亚美尼亚(2023年起停用),33,浙江省,3292161
201607,338,亚美尼亚(2023年起停用),34,安徽省,7027234
201607,338,亚美尼亚(2023年起停用),35,福建省,13806
201607,338,亚美尼亚(2023年起停用),37,山东省,96
201607,338,亚美尼亚(2023年起停用),41,河南省,7448885
201607,338,亚美尼亚(2023年起停用),44,广东省,24529
201607,338,亚美尼亚(2023年起停用),46,海南省,196576
201607,338,亚美尼亚(2023年起停用),51,四川省,20
201607,339,阿塞拜疆(2023年起停用),11,北京市,1134183
201607,339,阿塞拜疆(2023年起停用),14,山西省,170962
201607,339,阿塞拜疆(2023年起停用),31,上海市,307173
201607,339,阿塞拜疆(2023年起停用),33,浙江省,287715
201607,339,阿塞拜疆(2023年起停用),44,广东省,70132
201607,339,阿塞拜疆(2023年起停用),46,海南省,55030323
201607,339,阿塞拜疆(2023年起停用),65,新疆维吾尔自治区,196
201607,340,白俄罗斯,11,北京市,3576392
201607,340,白俄罗斯,12,天津市,26716
201607,340,白俄罗斯,13,河北省,781960
201607,340,白俄罗斯,21,辽宁省,87913
201607,340,白俄罗斯,22,吉林省,3570
201607,340,白俄罗斯,23,黑龙江省,414612
201607,340,白俄罗斯,31,上海市,613846
201607,340,白俄罗斯,32,江苏省,1221555
201607,340,白俄罗斯,33,浙江省,3206947
201607,340,白俄罗斯,34,安徽省,243
201607,340,白俄罗斯,35,福建省,247587
201607,340,白俄罗斯,37,山东省,67732
201607,340,白俄罗斯,41,河南省,39983
201607,340,白俄罗斯,43,湖南省,64806
201607,340,白俄罗斯,44,广东省,8109826
201607,340,白俄罗斯,53,云南省,20000
201607,340,白俄罗斯,61,陕西省,1265
201607,340,白俄罗斯,64,宁夏回族自治区,217750
201607,340,白俄罗斯,65,新疆维吾尔自治区,484750
201607,343,摩尔多瓦,11,北京市,309934
201607,343,摩尔多瓦,21,辽宁省,17208
201607,343,摩尔多瓦,31,上海市,764065
201607,343,摩尔多瓦,32,江苏省,9
201607,343,摩尔多瓦,33,浙江省,181354
201607,343,摩尔多瓦,35,福建省,70536
201607,343,摩尔多瓦,37,山东省,24583
201607,343,摩尔多瓦,44,广东省,162703
201607,343,摩尔多瓦,45,广西壮族自治区,183
201607,343,摩尔多瓦,46,海南省,104311
201607,343,摩尔多瓦,63,青海省,610
201607,343,摩尔多瓦,65,新疆维吾尔自治区,42611
201607,344,俄罗斯,11,北京市,608740513
201607,344,俄罗斯,12,天津市,15531340
201607,344,俄罗斯,13,河北省,14646992
201607,344,俄罗斯,14,山西省,10923657
201607,344,俄罗斯,15,内蒙古自治区,176743738
201607,344,俄罗斯,21,辽宁省,140839929
201607,344,俄罗斯,22,吉林省,20073233
201607,344,俄罗斯,23,黑龙江省,617987874
201607,344,俄罗斯,31,上海市,187036376
201607,344,俄罗斯,32,江苏省,65909991
201607,344,俄罗斯,33,浙江省,104323698
201607,344,俄罗斯,34,安徽省,8336949
201607,344,俄罗斯,35,福建省,80826956
201607,344,俄罗斯,36,江西省,4169910
201607,344,俄罗斯,37,山东省,226122773
201607,344,俄罗斯,41,河南省,11118335
201607,344,俄罗斯,42,湖北省,1645015
201607,344,俄罗斯,43,湖南省,6050148
201607,344,俄罗斯,44,广东省,20799358
201607,344,俄罗斯,45,广西壮族自治区,26488091
201607,344,俄罗斯,50,重庆市,441625
201607,344,俄罗斯,51,四川省,515524
201607,344,俄罗斯,52,贵州省,672573
201607,344,俄罗斯,53,云南省,6397086
201607,344,俄罗斯,61,陕西省,413901
201607,344,俄罗斯,62,甘肃省,50321
201607,344,俄罗斯,64,宁夏回族自治区,288633
201607,344,俄罗斯,65,新疆维吾尔自治区,11166023
201607,347,乌克兰,11,北京市,11342281
201607,347,乌克兰,12,天津市,29352741
201607,347,乌克兰,13,河北省,9862000
201607,347,乌克兰,15,内蒙古自治区,15233
201607,347,乌克兰,21,辽宁省,985218
201607,347,乌克兰,22,吉林省,772880
201607,347,乌克兰,23,黑龙江省,280152
201607,347,乌克兰,31,上海市,4271498
201607,347,乌克兰,32,江苏省,19194054
201607,347,乌克兰,33,浙江省,1500583
201607,347,乌克兰,34,安徽省,2281361
201607,347,乌克兰,35,福建省,9284901
201607,347,乌克兰,37,山东省,3239443
201607,347,乌克兰,41,河南省,1630909
201607,347,乌克兰,42,湖北省,26884
201607,347,乌克兰,43,湖南省,4130
201607,347,乌克兰,44,广东省,2506701
201607,347,乌克兰,45,广西壮族自治区,88365
201607,347,乌克兰,46,海南省,8618
201607,347,乌克兰,50,重庆市,222983
201607,347,乌克兰,51,四川省,3367
201607,347,乌克兰,53,云南省,24978
201607,347,乌克兰,61,陕西省,5331738
201607,350,斯洛文尼亚,11,北京市,11749094
201607,350,斯洛文尼亚,12,天津市,2375771
201607,350,斯洛文尼亚,13,河北省,616729
201607,350,斯洛文尼亚,21,辽宁省,774249
201607,350,斯洛文尼亚,22,吉林省,1996340
201607,350,斯洛文尼亚,31,上海市,4684561
201607,350,斯洛文尼亚,32,江苏省,3783605
201607,350,斯洛文尼亚,33,浙江省,1385963
201607,350,斯洛文尼亚,34,安徽省,426301
201607,350,斯洛文尼亚,35,福建省,979987
201607,350,斯洛文尼亚,37,山东省,965795
201607,350,斯洛文尼亚,41,河南省,76539
201607,350,斯洛文尼亚,42,湖北省,122853
201607,350,斯洛文尼亚,43,湖南省,435407
201607,350,斯洛文尼亚,44,广东省,3368126
201607,350,斯洛文尼亚,45,广西壮族自治区,563
201607,350,斯洛文尼亚,46,海南省,2353
201607,350,斯洛文尼亚,50,重庆市,154409
201607,350,斯洛文尼亚,51,四川省,561101
201607,351,克罗地亚,11,北京市,516581
201607,351,克罗地亚,12,天津市,65237
201607,351,克罗地亚,13,河北省,221
201607,351,克罗地亚,21,辽宁省,1407524
201607,351,克罗地亚,22,吉林省,128726
201607,351,克罗地亚,31,上海市,936609
201607,351,克罗地亚,32,江苏省,1212337
201607,351,克罗地亚,33,浙江省,522194
201607,351,克罗地亚,34,安徽省,433482
201607,351,克罗地亚,35,福建省,876056
201607,351,克罗地亚,36,江西省,11253
201607,351,克罗地亚,37,山东省,87815
201607,351,克罗地亚,41,河南省,7116
201607,351,克罗地亚,42,湖北省,9
201607,351,克罗地亚,43,湖南省,3018
201607,351,克罗地亚,44,广东省,31239209
201607,351,克罗地亚,45,广西壮族自治区,621715
201607,351,克罗地亚,46,海南省,35785
201607,351,克罗地亚,50,重庆市,125
201607,351,克罗地亚,51,四川省,14284
201607,352,捷克,11,北京市,27424161
201607,352,捷克,12,天津市,7879064
201607,352,捷克,13,河北省,1988406
201607,352,捷克,14,山西省,620807
201607,352,捷克,21,辽宁省,14046898
201607,352,捷克,22,吉林省,43974260
201607,352,捷克,23,黑龙江省,43937
201607,352,捷克,31,上海市,44254941
201607,352,捷克,32,江苏省,44817748
201607,352,捷克,33,浙江省,8059866
201607,352,捷克,34,安徽省,6252762
201607,352,捷克,35,福建省,4842822
201607,352,捷克,36,江西省,133435
201607,352,捷克,37,山东省,3793382
201607,352,捷克,41,河南省,422862
201607,352,捷克,42,湖北省,1156023
201607,352,捷克,43,湖南省,335985
201607,352,捷克,44,广东省,15630534
201607,352,捷克,45,广西壮族自治区,407544
201607,352,捷克,46,海南省,8720
201607,352,捷克,50,重庆市,5476893
201607,352,捷克,51,四川省,2151468
201607,352,捷克,53,云南省,15747
201607,352,捷克,61,陕西省,4882777
201607,352,捷克,64,宁夏回族自治区,33971
201607,352,捷克,65,新疆维吾尔自治区,181695
201607,353,斯洛伐克,11,北京市,6449435
201607,353,斯洛伐克,12,天津市,86644753
201607,353,斯洛伐克,13,河北省,976487
201607,353,斯洛伐克,14,山西省,339
201607,353,斯洛伐克,15,内蒙古自治区,99098
201607,353,斯洛伐克,21,辽宁省,11765390
201607,353,斯洛伐克,22,吉林省,105649871
201607,353,斯洛伐克,23,黑龙江省,1784942
201607,353,斯洛伐克,31,上海市,18775774
201607,353,斯洛伐克,32,江苏省,5339932
201607,353,斯洛伐克,33,浙江省,4684252
201607,353,斯洛伐克,34,安徽省,167134
201607,353,斯洛伐克,35,福建省,2837171
201607,353,斯洛伐克,36,江西省,29189
201607,353,斯洛伐克,37,山东省,9964983
201607,353,斯洛伐克,41,河南省,229255
201607,353,斯洛伐克,42,湖北省,231249
201607,353,斯洛伐克,43,湖南省,61000
201607,353,斯洛伐克,44,广东省,8934572
201607,353,斯洛伐克,45,广西壮族自治区,229935
201607,353,斯洛伐克,50,重庆市,2189976
201607,353,斯洛伐克,51,四川省,97743
201607,353,斯洛伐克,61,陕西省,310351
201607,353,斯洛伐克,64,宁夏回族自治区,3420
201607,354,北马其顿,11,北京市,136947
201607,354,北马其顿,14,山西省,2641028
201607,354,北马其顿,21,辽宁省,1629
201607,354,北马其顿,31,上海市,451722
201607,354,北马其顿,32,江苏省,29442
201607,354,北马其顿,33,浙江省,91495
201607,354,北马其顿,34,安徽省,46845
201607,354,北马其顿,35,福建省,56708
201607,354,北马其顿,37,山东省,521138
201607,354,北马其顿,41,河南省,4365
201607,354,北马其顿,44,广东省,123907
201607,354,北马其顿,46,海南省,6777
201607,354,北马其顿,51,四川省,50
201607,354,北马其顿,61,陕西省,193653
201607,355,波斯尼亚和黑塞哥维那,11,北京市,83959
201607,355,波斯尼亚和黑塞哥维那,12,天津市,11730
201607,355,波斯尼亚和黑塞哥维那,13,河北省,946
201607,355,波斯尼亚和黑塞哥维那,21,辽宁省,412993
201607,355,波斯尼亚和黑塞哥维那,22,吉林省,335439
201607,355,波斯尼亚和黑塞哥维那,31,上海市,2363356
201607,355,波斯尼亚和黑塞哥维那,32,江苏省,257391
201607,355,波斯尼亚和黑塞哥维那,33,浙江省,448273
201607,355,波斯尼亚和黑塞哥维那,34,安徽省,17990
201607,355,波斯尼亚和黑塞哥维那,35,福建省,312765
201607,355,波斯尼亚和黑塞哥维那,37,山东省,3642
201607,355,波斯尼亚和黑塞哥维那,42,湖北省,336
201607,355,波斯尼亚和黑塞哥维那,43,湖南省,331
201607,355,波斯尼亚和黑塞哥维那,44,广东省,170186
201607,355,波斯尼亚和黑塞哥维那,45,广西壮族自治区,30
201607,355,波斯尼亚和黑塞哥维那,46,海南省,7481
201607,355,波斯尼亚和黑塞哥维那,50,重庆市,80971
201607,355,波斯尼亚和黑塞哥维那,51,四川省,22
201607,356,梵蒂冈,44,广东省,7
201607,357,法罗群岛,11,北京市,1086498
201607,357,法罗群岛,31,上海市,3220046
201607,357,法罗群岛,32,江苏省,114183
201607,357,法罗群岛,37,山东省,97432
201607,357,法罗群岛,44,广东省,294827
201607,357,法罗群岛,50,重庆市,36066
201607,357,法罗群岛,51,四川省,523690
201607,358,塞尔维亚,11,北京市,1983124
201607,358,塞尔维亚,12,天津市,8849
201607,358,塞尔维亚,21,辽宁省,290502
201607,358,塞尔维亚,22,吉林省,811665
201607,358,塞尔维亚,31,上海市,2415782
201607,358,塞尔维亚,32,江苏省,596065
201607,358,塞尔维亚,33,浙江省,359479
201607,358,塞尔维亚,35,福建省,265270
201607,358,塞尔维亚,37,山东省,678741
201607,358,塞尔维亚,41,河南省,9057
201607,358,塞尔维亚,44,广东省,2131419
201607,358,塞尔维亚,45,广西壮族自治区,1562664
201607,358,塞尔维亚,46,海南省,2658
201607,358,塞尔维亚,51,四川省,40
201607,359,黑山,11,北京市,2
201607,359,黑山,13,河北省,35
201607,359,黑山,31,上海市,2501
201607,359,黑山,33,浙江省,57134
201607,359,黑山,36,江西省,165
201607,401,安提瓜和巴布达,35,福建省,356
201607,401,安提瓜和巴布达,44,广东省,47
201607,402,阿根廷,11,北京市,303506201
201607,402,阿根廷,12,天津市,15057190
201607,402,阿根廷,13,河北省,15128711
201607,402,阿根廷,21,辽宁省,49482416
201607,402,阿根廷,22,吉林省,127972
201607,402,阿根廷,23,黑龙江省,239872
201607,402,阿根廷,31,上海市,60611265
201607,402,阿根廷,32,江苏省,140729429
201607,402,阿根廷,33,浙江省,17194118
201607,402,阿根廷,34,安徽省,3075947
201607,402,阿根廷,35,福建省,5473506
201607,402,阿根廷,36,江西省,12410
201607,402,阿根廷,37,山东省,20679988
201607,402,阿根廷,41,河南省,531523
201607,402,阿根廷,42,湖北省,9329831
201607,402,阿根廷,43,湖南省,1119723
201607,402,阿根廷,44,广东省,98638581
201607,402,阿根廷,45,广西壮族自治区,28084931
201607,402,阿根廷,50,重庆市,933120
201607,402,阿根廷,51,四川省,7168255
201607,402,阿根廷,61,陕西省,6727200
201607,402,阿根廷,65,新疆维吾尔自治区,4108860
201607,403,阿鲁巴,11,北京市,8
201607,403,阿鲁巴,31,上海市,35
201607,403,阿鲁巴,44,广东省,30
201607,404,巴哈马,11,北京市,155
201607,404,巴哈马,12,天津市,1621344
201607,404,巴哈马,31,上海市,28
201607,404,巴哈马,37,山东省,32074341
201607,404,巴哈马,44,广东省,210
201607,405,巴巴多斯,11,北京市,3295
201607,405,巴巴多斯,31,上海市,16247
201607,405,巴巴多斯,32,江苏省,7943
201607,405,巴巴多斯,33,浙江省,43129
201607,405,巴巴多斯,34,安徽省,3900
201607,405,巴巴多斯,35,福建省,2546
201607,405,巴巴多斯,44,广东省,472089
201607,406,伯利兹,31,上海市,2758
201607,406,伯利兹,41,河南省,48692
201607,406,伯利兹,44,广东省,112000
201607,408,玻利维亚,11,北京市,5753278
201607,408,玻利维亚,12,天津市,1000358
201607,408,玻利维亚,21,辽宁省,3086143
201607,408,玻利维亚,31,上海市,274743
201607,408,玻利维亚,32,江苏省,1349916
201607,408,玻利维亚,33,浙江省,4160285
201607,408,玻利维亚,34,安徽省,7898603
201607,408,玻利维亚,35,福建省,15
201607,408,玻利维亚,41,河南省,675739
201607,408,玻利维亚,43,湖南省,3669203
201607,408,玻利维亚,44,广东省,302618
201607,410,巴西,11,北京市,905370777
201607,410,巴西,12,天津市,250240189
201607,410,巴西,13,河北省,255464844
201607,410,巴西,14,山西省,31825057
201607,410,巴西,15,内蒙古自治区,1080787
201607,410,巴西,21,辽宁省,189892655
201607,410,巴西,22,吉林省,667695
201607,410,巴西,23,黑龙江省,158653957
201607,410,巴西,31,上海市,572161593
201607,410,巴西,32,江苏省,729458265
201607,410,巴西,33,浙江省,223010133
201607,410,巴西,34,安徽省,52743536
201607,410,巴西,35,福建省,279192366
201607,410,巴西,36,江西省,23262142
201607,410,巴西,37,山东省,795506049
201607,410,巴西,41,河南省,62517839
201607,410,巴西,42,湖北省,31609624
201607,410,巴西,43,湖南省,36811840
201607,410,巴西,44,广东省,374940577
201607,410,巴西,45,广西壮族自治区,131854169
201607,410,巴西,46,海南省,130310
201607,410,巴西,50,重庆市,35348089
201607,410,巴西,51,四川省,16414278
201607,410,巴西,53,云南省,11268155
201607,410,巴西,61,陕西省,5663844
201607,410,巴西,62,甘肃省,2840374
201607,410,巴西,64,宁夏回族自治区,4989473
201607,410,巴西,65,新疆维吾尔自治区,3012067
201607,411,开曼群岛,11,北京市,107
201607,411,开曼群岛,31,上海市,10
201607,411,开曼群岛,44,广东省,43
201607,412,智利,11,北京市,18668123
201607,412,智利,12,天津市,68656222
201607,412,智利,13,河北省,11213692
201607,412,智利,14,山西省,27475152
201607,412,智利,15,内蒙古自治区,7055021
201607,412,智利,21,辽宁省,4844005
201607,412,智利,31,上海市,251663680
201607,412,智利,32,江苏省,51216106
201607,412,智利,33,浙江省,119686431
201607,412,智利,34,安徽省,204587499
201607,412,智利,35,福建省,55939400
201607,412,智利,36,江西省,114926696
201607,412,智利,37,山东省,272073433
201607,412,智利,41,河南省,32357346
201607,412,智利,42,湖北省,11761090
201607,412,智利,43,湖南省,3784340
201607,412,智利,44,广东省,106807806
201607,412,智利,45,广西壮族自治区,38992859
201607,412,智利,46,海南省,5752091
201607,412,智利,50,重庆市,1448460
201607,412,智利,51,四川省,9221956
201607,412,智利,53,云南省,24977460
201607,412,智利,61,陕西省,1880051
201607,412,智利,62,甘肃省,402
201607,412,智利,64,宁夏回族自治区,522866
201607,412,智利,65,新疆维吾尔自治区,223148
201607,413,哥伦比亚,11,北京市,175811672
201607,413,哥伦比亚,12,天津市,97141
201607,413,哥伦比亚,22,吉林省,25818
201607,413,哥伦比亚,23,黑龙江省,7
201607,413,哥伦比亚,31,上海市,2712619
201607,413,哥伦比亚,32,江苏省,1069608
201607,413,哥伦比亚,33,浙江省,44939282
201607,413,哥伦比亚,35,福建省,43079
201607,413,哥伦比亚,37,山东省,19768030
201607,413,哥伦比亚,42,湖北省,6
201607,413,哥伦比亚,44,广东省,1066116
201607,413,哥伦比亚,45,广西壮族自治区,212
201607,413,哥伦比亚,50,重庆市,3020331
201607,413,哥伦比亚,51,四川省,697
201607,413,哥伦比亚,62,甘肃省,5747450
201607,414,多米尼克,11,北京市,2475
201607,414,多米尼克,31,上海市,2032
201607,414,多米尼克,44,广东省,1251
201607,414,多米尼克,45,广西壮族自治区,628
201607,415,哥斯达黎加,11,北京市,7545046
201607,415,哥斯达黎加,12,天津市,373145
201607,415,哥斯达黎加,13,河北省,17421
201607,415,哥斯达黎加,14,山西省,2835426
201607,415,哥斯达黎加,21,辽宁省,9342
201607,415,哥斯达黎加,31,上海市,18462663
201607,415,哥斯达黎加,32,江苏省,3363372
201607,415,哥斯达黎加,33,浙江省,1419433
201607,415,哥斯达黎加,34,安徽省,23797
201607,415,哥斯达黎加,35,福建省,822823
201607,415,哥斯达黎加,36,江西省,41
201607,415,哥斯达黎加,37,山东省,198810
201607,415,哥斯达黎加,41,河南省,8363264
201607,415,哥斯达黎加,42,湖北省,9432
201607,415,哥斯达黎加,43,湖南省,66956
201607,415,哥斯达黎加,44,广东省,20750405
201607,415,哥斯达黎加,45,广西壮族自治区,50933
201607,415,哥斯达黎加,46,海南省,351
201607,415,哥斯达黎加,50,重庆市,22447
201607,415,哥斯达黎加,51,四川省,802720
201607,415,哥斯达黎加,53,云南省,845
201607,415,哥斯达黎加,61,陕西省,1
201607,416,古巴,11,北京市,2770731
201607,416,古巴,12,天津市,5015
201607,416,古巴,14,山西省,3758290
201607,416,古巴,21,辽宁省,1029047
201607,416,古巴,31,上海市,96959
201607,416,古巴,32,江苏省,41
201607,416,古巴,33,浙江省,60456
201607,416,古巴,44,广东省,262269
201607,416,古巴,45,广西壮族自治区,132
201607,417,库拉索,11,北京市,34
201607,417,库拉索,31,上海市,33
201607,417,库拉索,44,广东省,315
201607,418,多米尼加,11,北京市,1742198
201607,418,多米尼加,12,天津市,5491
201607,418,多米尼加,21,辽宁省,20442
201607,418,多米尼加,31,上海市,2252269
201607,418,多米尼加,32,江苏省,1199930
201607,418,多米尼加,33,浙江省,112909
201607,418,多米尼加,35,福建省,98345
201607,418,多米尼加,36,江西省,864
201607,418,多米尼加,37,山东省,474909
201607,418,多米尼加,41,河南省,8923
201607,418,多米尼加,44,广东省,1068047
201607,418,多米尼加,46,海南省,537
201607,418,多米尼加,51,四川省,458
201607,418,多米尼加,61,陕西省,281
201607,419,厄瓜多尔,11,北京市,55849616
201607,419,厄瓜多尔,12,天津市,3977574
201607,419,厄瓜多尔,13,河北省,563440
201607,419,厄瓜多尔,21,辽宁省,12003763
201607,419,厄瓜多尔,22,吉林省,1215
201607,419,厄瓜多尔,23,黑龙江省,82
201607,419,厄瓜多尔,31,上海市,4583158
201607,419,厄瓜多尔,32,江苏省,867822
201607,419,厄瓜多尔,33,浙江省,2218350
201607,419,厄瓜多尔,34,安徽省,2050438
201607,419,厄瓜多尔,35,福建省,7486465
201607,419,厄瓜多尔,36,江西省,1021590
201607,419,厄瓜多尔,37,山东省,1978899
201607,419,厄瓜多尔,42,湖北省,330
201607,419,厄瓜多尔,43,湖南省,2750217
201607,419,厄瓜多尔,44,广东省,1270573
201607,419,厄瓜多尔,51,四川省,80
201607,419,厄瓜多尔,53,云南省,2970
201607,419,厄瓜多尔,61,陕西省,5383
201607,419,厄瓜多尔,65,新疆维吾尔自治区,205821
201607,420,法属圭亚那,31,上海市,2537
201607,420,法属圭亚那,32,江苏省,2873
201607,420,法属圭亚那,44,广东省,81
201607,421,格林纳达,44,广东省,104
201607,422,瓜德罗普,12,天津市,22
201607,422,瓜德罗普,31,上海市,195
201607,422,瓜德罗普,44,广东省,168
201607,423,危地马拉,11,北京市,3800
201607,423,危地马拉,12,天津市,254092
201607,423,危地马拉,13,河北省,54418
201607,423,危地马拉,31,上海市,876139
201607,423,危地马拉,32,江苏省,5118226
201607,423,危地马拉,33,浙江省,1203770
201607,423,危地马拉,35,福建省,90753
201607,423,危地马拉,37,山东省,549613
201607,423,危地马拉,42,湖北省,1
201607,423,危地马拉,44,广东省,444960
201607,423,危地马拉,51,四川省,95
201607,424,圭亚那,11,北京市,948
201607,424,圭亚那,12,天津市,37944
201607,424,圭亚那,32,江苏省,174472
201607,424,圭亚那,33,浙江省,194319
201607,424,圭亚那,35,福建省,159342
201607,424,圭亚那,37,山东省,287500
201607,424,圭亚那,44,广东省,996105
201607,424,圭亚那,45,广西壮族自治区,75
201607,424,圭亚那,51,四川省,20
201607,425,海地,11,北京市,494
201607,425,海地,31,上海市,63776
201607,425,海地,32,江苏省,1610
201607,425,海地,33,浙江省,15353
201607,425,海地,35,福建省,12
201607,425,海地,37,山东省,102939
201607,425,海地,42,湖北省,8
201607,425,海地,44,广东省,39217
201607,425,海地,50,重庆市,27
201607,426,洪都拉斯,11,北京市,14107
201607,426,洪都拉斯,21,辽宁省,43554
201607,426,洪都拉斯,31,上海市,685719
201607,426,洪都拉斯,32,江苏省,200154
201607,426,洪都拉斯,33,浙江省,345013
201607,426,洪都拉斯,35,福建省,8
201607,426,洪都拉斯,37,山东省,87566
201607,426,洪都拉斯,42,湖北省,1546
201607,426,洪都拉斯,43,湖南省,111
201607,426,洪都拉斯,44,广东省,196050
201607,426,洪都拉斯,45,广西壮族自治区,35
201607,426,洪都拉斯,50,重庆市,1413
201607,426,洪都拉斯,51,四川省,20
201607,426,洪都拉斯,65,新疆维吾尔自治区,17086
201607,427,牙买加,11,北京市,34864
201607,427,牙买加,31,上海市,52604
201607,427,牙买加,32,江苏省,11002
201607,427,牙买加,33,浙江省,11822
201607,427,牙买加,35,福建省,10944
201607,427,牙买加,44,广东省,13403
201607,427,牙买加,45,广西壮族自治区,284
201607,427,牙买加,51,四川省,111
201607,428,马提尼克,31,上海市,39
201607,428,马提尼克,44,广东省,870
201607,428,马提尼克,45,广西壮族自治区,219
201607,429,墨西哥,11,北京市,84940100
201607,429,墨西哥,12,天津市,20726285
201607,429,墨西哥,13,河北省,500884
201607,429,墨西哥,14,山西省,8060835
201607,429,墨西哥,15,内蒙古自治区,2664
201607,429,墨西哥,21,辽宁省,6547168
201607,429,墨西哥,22,吉林省,2540693
201607,429,墨西哥,23,黑龙江省,224228
201607,429,墨西哥,31,上海市,187797369
201607,429,墨西哥,32,江苏省,74831565
201607,429,墨西哥,33,浙江省,26158476
201607,429,墨西哥,34,安徽省,18849156
201607,429,墨西哥,35,福建省,22725043
201607,429,墨西哥,36,江西省,513756
201607,429,墨西哥,37,山东省,14420769
201607,429,墨西哥,41,河南省,75394680
201607,429,墨西哥,42,湖北省,5376446
201607,429,墨西哥,43,湖南省,25325744
201607,429,墨西哥,44,广东省,162248828
201607,429,墨西哥,45,广西壮族自治区,1412896
201607,429,墨西哥,46,海南省,245811
201607,429,墨西哥,50,重庆市,34576778
201607,429,墨西哥,51,四川省,2720619
201607,429,墨西哥,52,贵州省,266736
201607,429,墨西哥,53,云南省,37855
201607,429,墨西哥,54,西藏自治区,69
201607,429,墨西哥,61,陕西省,867160
201607,429,墨西哥,63,青海省,420
201607,429,墨西哥,64,宁夏回族自治区,1626
201607,429,墨西哥,65,新疆维吾尔自治区,595504
201607,431,尼加拉瓜,11,北京市,16245
201607,431,尼加拉瓜,12,天津市,457
201607,431,尼加拉瓜,21,辽宁省,666
201607,431,尼加拉瓜,31,上海市,262415
201607,431,尼加拉瓜,32,江苏省,127307
201607,431,尼加拉瓜,33,浙江省,267447
201607,431,尼加拉瓜,35,福建省,2
201607,431,尼加拉瓜,37,山东省,381893
201607,431,尼加拉瓜,44,广东省,16688
201607,431,尼加拉瓜,45,广西壮族自治区,337
201607,432,巴拿马,11,北京市,130235
201607,432,巴拿马,12,天津市,1992215
201607,432,巴拿马,23,黑龙江省,9
201607,432,巴拿马,31,上海市,244936
201607,432,巴拿马,32,江苏省,218
201607,432,巴拿马,33,浙江省,215218
201607,432,巴拿马,35,福建省,1609856
201607,432,巴拿马,37,山东省,260666
201607,432,巴拿马,42,湖北省,20
201607,432,巴拿马,44,广东省,952205
201607,432,巴拿马,45,广西壮族自治区,33
201607,432,巴拿马,51,四川省,20
201607,433,巴拉圭,11,北京市,545
201607,433,巴拉圭,31,上海市,190745
201607,433,巴拉圭,33,浙江省,786644
201607,433,巴拉圭,34,安徽省,627150
201607,433,巴拉圭,35,福建省,21
201607,433,巴拉圭,36,江西省,233721
201607,433,巴拉圭,37,山东省,234121
201607,433,巴拉圭,41,河南省,204901
201607,433,巴拉圭,44,广东省,202078
201607,433,巴拉圭,45,广西壮族自治区,663432
201607,433,巴拉圭,51,四川省,264
201607,434,秘鲁,11,北京市,54028439
201607,434,秘鲁,12,天津市,1670578
201607,434,秘鲁,14,山西省,17676985
201607,434,秘鲁,15,内蒙古自治区,6310533
201607,434,秘鲁,21,辽宁省,8807936
201607,434,秘鲁,31,上海市,62457345
201607,434,秘鲁,32,江苏省,15182458
201607,434,秘鲁,33,浙江省,35109589
201607,434,秘鲁,34,安徽省,129486532
201607,434,秘鲁,35,福建省,15222218
201607,434,秘鲁,36,江西省,14029129
201607,434,秘鲁,37,山东省,157105736
201607,434,秘鲁,41,河南省,40218806
201607,434,秘鲁,42,湖北省,59219810
201607,434,秘鲁,43,湖南省,39460746
201607,434,秘鲁,44,广东省,32872837
201607,434,秘鲁,45,广西壮族自治区,31969982
201607,434,秘鲁,46,海南省,38981
201607,434,秘鲁,50,重庆市,1322797
201607,434,秘鲁,51,四川省,293
201607,434,秘鲁,53,云南省,36682233
201607,434,秘鲁,61,陕西省,882987
201607,435,波多黎各,11,北京市,595375
201607,435,波多黎各,12,天津市,21617
201607,435,波多黎各,21,辽宁省,5108029
201607,435,波多黎各,31,上海市,6407185
201607,435,波多黎各,32,江苏省,29748009
201607,435,波多黎各,33,浙江省,2061903
201607,435,波多黎各,35,福建省,149063
201607,435,波多黎各,37,山东省,54925
201607,435,波多黎各,41,河南省,37567
201607,435,波多黎各,44,广东省,1557465
201607,435,波多黎各,50,重庆市,41490
201607,435,波多黎各,51,四川省,25
201607,435,波多黎各,61,陕西省,2039253
201607,437,圣卢西亚,11,北京市,34
201607,437,圣卢西亚,32,江苏省,2250
201607,437,圣卢西亚,44,广东省,96
201607,440,萨尔瓦多,11,北京市,76169
201607,440,萨尔瓦多,12,天津市,6540
201607,440,萨尔瓦多,13,河北省,164
201607,440,萨尔瓦多,21,辽宁省,15692
201607,440,萨尔瓦多,22,吉林省,76743
201607,440,萨尔瓦多,31,上海市,386901
201607,440,萨尔瓦多,32,江苏省,445022
201607,440,萨尔瓦多,33,浙江省,98361
201607,440,萨尔瓦多,34,安徽省,8955
201607,440,萨尔瓦多,35,福建省,323332
201607,440,萨尔瓦多,36,江西省,2905
201607,440,萨尔瓦多,37,山东省,54642
201607,440,萨尔瓦多,42,湖北省,232
201607,440,萨尔瓦多,44,广东省,2312206
201607,440,萨尔瓦多,45,广西壮族自治区,2341
201607,440,萨尔瓦多,50,重庆市,55
201607,440,萨尔瓦多,53,云南省,3411
201607,441,苏里南,11,北京市,157
201607,441,苏里南,12,天津市,46
201607,441,苏里南,31,上海市,45218
201607,441,苏里南,32,江苏省,138445
201607,441,苏里南,33,浙江省,575743
201607,441,苏里南,35,福建省,62309
201607,441,苏里南,37,山东省,38585
201607,441,苏里南,44,广东省,1209043
201607,442,特立尼达和多巴哥,11,北京市,384
201607,442,特立尼达和多巴哥,31,上海市,345
201607,442,特立尼达和多巴哥,32,江苏省,5849587
201607,442,特立尼达和多巴哥,33,浙江省,10794111
201607,442,特立尼达和多巴哥,35,福建省,5871351
201607,442,特立尼达和多巴哥,44,广东省,7819
201607,443,特克斯和凯科斯群岛,31,上海市,53
201607,443,特克斯和凯科斯群岛,32,江苏省,11
201607,444,乌拉圭,11,北京市,29959140
201607,444,乌拉圭,12,天津市,10093947
201607,444,乌拉圭,15,内蒙古自治区,367105
201607,444,乌拉圭,21,辽宁省,6825361
201607,444,乌拉圭,22,吉林省,943554
201607,444,乌拉圭,23,黑龙江省,2741010
201607,444,乌拉圭,31,上海市,12738595
201607,444,乌拉圭,32,江苏省,4346397
201607,444,乌拉圭,33,浙江省,19821777
201607,444,乌拉圭,34,安徽省,1833055
201607,444,乌拉圭,35,福建省,21680536
201607,444,乌拉圭,36,江西省,151
201607,444,乌拉圭,37,山东省,14623212
201607,444,乌拉圭,41,河南省,406215
201607,444,乌拉圭,43,湖南省,2653226
201607,444,乌拉圭,44,广东省,4215147
201607,444,乌拉圭,45,广西壮族自治区,4861320
201607,444,乌拉圭,50,重庆市,1260714
201607,444,乌拉圭,51,四川省,176775
201607,445,委内瑞拉,11,北京市,460842287
201607,445,委内瑞拉,31,上海市,52859
201607,445,委内瑞拉,32,江苏省,2511118
201607,445,委内瑞拉,33,浙江省,32909583
201607,445,委内瑞拉,34,安徽省,84955
201607,445,委内瑞拉,35,福建省,23382568
201607,445,委内瑞拉,37,山东省,27723227
201607,445,委内瑞拉,44,广东省,21205
201607,445,委内瑞拉,51,四川省,20
201607,446,英属维尔京群岛,11,北京市,57
201607,446,英属维尔京群岛,31,上海市,8
201607,446,英属维尔京群岛,44,广东省,370
201607,447,圣基茨和尼维斯,11,北京市,50
201607,447,圣基茨和尼维斯,12,天津市,25810
201607,447,圣基茨和尼维斯,44,广东省,8679
201607,449,博纳尔圣俄斯塔休斯和萨巴,31,上海市,21
201607,449,博纳尔圣俄斯塔休斯和萨巴,44,广东省,668
201607,501,加拿大,11,北京市,177584086
201607,501,加拿大,12,天津市,64506167
201607,501,加拿大,13,河北省,12825351
201607,501,加拿大,14,山西省,1613413
201607,501,加拿大,15,内蒙古自治区,60481
201607,501,加拿大,21,辽宁省,43325161
201607,501,加拿大,22,吉林省,826654
201607,501,加拿大,23,黑龙江省,7846722
201607,501,加拿大,31,上海市,157684198
201607,501,加拿大,32,江苏省,179728936
201607,501,加拿大,33,浙江省,122338094
201607,501,加拿大,34,安徽省,49712665
201607,501,加拿大,35,福建省,108975180
201607,501,加拿大,36,江西省,1311444
201607,501,加拿大,37,山东省,131902179
201607,501,加拿大,41,河南省,6276827
201607,501,加拿大,42,湖北省,5715798
201607,501,加拿大,43,湖南省,11790735
201607,501,加拿大,44,广东省,202296780
201607,501,加拿大,45,广西壮族自治区,32260726
201607,501,加拿大,46,海南省,14758610
201607,501,加拿大,50,重庆市,10929620
201607,501,加拿大,51,四川省,3448231
201607,501,加拿大,52,贵州省,268260
201607,501,加拿大,53,云南省,1828703
201607,501,加拿大,61,陕西省,905640
201607,501,加拿大,62,甘肃省,2299790
201607,501,加拿大,64,宁夏回族自治区,1033060
201607,501,加拿大,65,新疆维吾尔自治区,4373443
201607,502,美国,11,北京市,1687689637
201607,502,美国,12,天津市,883074986
201607,502,美国,13,河北省,61509394
201607,502,美国,14,山西省,7139237
201607,502,美国,15,内蒙古自治区,10416446
201607,502,美国,21,辽宁省,271795237
201607,502,美国,22,吉林省,12400883
201607,502,美国,23,黑龙江省,24101336
201607,502,美国,31,上海市,2044313990
201607,502,美国,32,江苏省,845323635
201607,502,美国,33,浙江省,389213077
201607,502,美国,34,安徽省,117714457
201607,502,美国,35,福建省,379582395
201607,502,美国,36,江西省,11499555
201607,502,美国,37,山东省,356544073
201607,502,美国,41,河南省,97464303
201607,502,美国,42,湖北省,71206534
201607,502,美国,43,湖南省,76293752
201607,502,美国,44,广东省,1508685586
201607,502,美国,45,广西壮族自治区,14285487
201607,502,美国,46,海南省,119244946
201607,502,美国,50,重庆市,156386768
201607,502,美国,51,四川省,426868223
201607,502,美国,52,贵州省,4157407
201607,502,美国,53,云南省,5745762
201607,502,美国,54,西藏自治区,1021560
201607,502,美国,61,陕西省,97457232
201607,502,美国,62,甘肃省,13165053
201607,502,美国,63,青海省,121679
201607,502,美国,64,宁夏回族自治区,2722420
201607,502,美国,65,新疆维吾尔自治区,17043055
201607,503,格陵兰,12,天津市,260914
201607,503,格陵兰,21,辽宁省,746974
201607,503,格陵兰,33,浙江省,6
201607,503,格陵兰,37,山东省,6640263
201607,503,格陵兰,44,广东省,129
201607,504,百慕大,11,北京市,7
201607,504,百慕大,31,上海市,7
201607,504,百慕大,44,广东省,30
201607,504,百慕大,45,广西壮族自治区,68
201607,601,澳大利亚,11,北京市,1057277698
201607,601,澳大利亚,12,天津市,311128627
201607,601,澳大利亚,13,河北省,393379475
201607,601,澳大利亚,14,山西省,32638685
201607,601,澳大利亚,15,内蒙古自治区,8930817
201607,601,澳大利亚,21,辽宁省,273555545
201607,601,澳大利亚,22,吉林省,15448718
201607,601,澳大利亚,23,黑龙江省,3093316
201607,601,澳大利亚,31,上海市,817325777
201607,601,澳大利亚,32,江苏省,592074878
201607,601,澳大利亚,33,浙江省,379088229
201607,601,澳大利亚,34,安徽省,174818986
201607,601,澳大利亚,35,福建省,253881322
201607,601,澳大利亚,36,江西省,62997648
201607,601,澳大利亚,37,山东省,702349817
201607,601,澳大利亚,41,河南省,113793989
201607,601,澳大利亚,42,湖北省,65089537
201607,601,澳大利亚,43,湖南省,43777403
201607,601,澳大利亚,44,广东省,510286117
201607,601,澳大利亚,45,广西壮族自治区,121988328
201607,601,澳大利亚,46,海南省,19061982
201607,601,澳大利亚,50,重庆市,14484033
201607,601,澳大利亚,51,四川省,18443780
201607,601,澳大利亚,52,贵州省,12075804
201607,601,澳大利亚,53,云南省,12759789
201607,601,澳大利亚,61,陕西省,28513040
201607,601,澳大利亚,62,甘肃省,24687578
201607,601,澳大利亚,64,宁夏回族自治区,413
201607,601,澳大利亚,65,新疆维吾尔自治区,31669
201607,602,库克群岛,37,山东省,46003
201607,602,库克群岛,44,广东省,14
201607,603,斐济,11,北京市,947
201607,603,斐济,13,河北省,1305
201607,603,斐济,21,辽宁省,1100
201607,603,斐济,31,上海市,106942
201607,603,斐济,33,浙江省,48918
201607,603,斐济,35,福建省,18
201607,603,斐济,44,广东省,372949
201607,603,斐济,51,四川省,26
201607,606,瑙鲁,12,天津市,303
201607,606,瑙鲁,31,上海市,232
201607,607,新喀里多尼亚,11,北京市,170
201607,607,新喀里多尼亚,12,天津市,487
201607,607,新喀里多尼亚,14,山西省,10437158
201607,607,新喀里多尼亚,21,辽宁省,19809062
201607,607,新喀里多尼亚,31,上海市,60
201607,607,新喀里多尼亚,32,江苏省,2513479
201607,607,新喀里多尼亚,33,浙江省,2250464
201607,607,新喀里多尼亚,35,福建省,6652360
201607,607,新喀里多尼亚,37,山东省,31195
201607,607,新喀里多尼亚,44,广东省,9192663
201607,608,瓦努阿图,44,广东省,114591
201607,609,新西兰,11,北京市,37046195
201607,609,新西兰,12,天津市,31964287
201607,609,新西兰,13,河北省,6777106
201607,609,新西兰,14,山西省,124
201607,609,新西兰,15,内蒙古自治区,1413022
201607,609,新西兰,21,辽宁省,45761609
201607,609,新西兰,22,吉林省,90398
201607,609,新西兰,23,黑龙江省,3109895
201607,609,新西兰,31,上海市,155027454
201607,609,新西兰,32,江苏省,47124916
201607,609,新西兰,33,浙江省,53528493
201607,609,新西兰,34,安徽省,7808323
201607,609,新西兰,35,福建省,39585534
201607,609,新西兰,36,江西省,446544
201607,609,新西兰,37,山东省,73842995
201607,609,新西兰,41,河南省,3089708
201607,609,新西兰,42,湖北省,929462
201607,609,新西兰,43,湖南省,2642814
201607,609,新西兰,44,广东省,73863057
201607,609,新西兰,45,广西壮族自治区,366502
201607,609,新西兰,46,海南省,1557382
201607,609,新西兰,50,重庆市,2037450
201607,609,新西兰,51,四川省,13859090
201607,609,新西兰,52,贵州省,946097
201607,609,新西兰,61,陕西省,829993
201607,609,新西兰,62,甘肃省,447600
201607,609,新西兰,63,青海省,86200
201607,611,巴布亚新几内亚,11,北京市,36563722
201607,611,巴布亚新几内亚,12,天津市,134541
201607,611,巴布亚新几内亚,13,河北省,112152
201607,611,巴布亚新几内亚,21,辽宁省,463080
201607,611,巴布亚新几内亚,31,上海市,3386396
201607,611,巴布亚新几内亚,32,江苏省,13228631
201607,611,巴布亚新几内亚,33,浙江省,24159248
201607,611,巴布亚新几内亚,35,福建省,2430777
201607,611,巴布亚新几内亚,37,山东省,2133531
201607,611,巴布亚新几内亚,41,河南省,2022648
201607,611,巴布亚新几内亚,44,广东省,131036
201607,613,所罗门群岛,11,北京市,1663439
201607,613,所罗门群岛,31,上海市,8611025
201607,613,所罗门群岛,32,江苏省,12644260
201607,613,所罗门群岛,33,浙江省,5896893
201607,613,所罗门群岛,37,山东省,960905
201607,613,所罗门群岛,44,广东省,3667237
201607,617,萨摩亚,31,上海市,2854
201607,617,萨摩亚,35,福建省,47400
201607,617,萨摩亚,44,广东省,45
201607,618,基里巴斯,11,北京市,45
201607,620,密克罗尼西亚联邦,37,山东省,3346300
201607,621,马绍尔群岛,37,山东省,3420000
201607,621,马绍尔群岛,61,陕西省,21706
201607,623,法属波利尼西亚,11,北京市,13
201607,623,法属波利尼西亚,31,上海市,162993
201607,623,法属波利尼西亚,33,浙江省,150305
201607,623,法属波利尼西亚,44,广东省,40607
201607,623,法属波利尼西亚,50,重庆市,644331
201607,701,国家(地区)不明,11,北京市,153972
201607,701,国家(地区)不明,12,天津市,101298
201607,701,国家(地区)不明,13,河北省,8419
201607,701,国家(地区)不明,14,山西省,21
201607,701,国家(地区)不明,21,辽宁省,202559
201607,701,国家(地区)不明,22,吉林省,369
201607,701,国家(地区)不明,23,黑龙江省,543
201607,701,国家(地区)不明,31,上海市,2561494
201607,701,国家(地区)不明,32,江苏省,865782
201607,701,国家(地区)不明,33,浙江省,913963
201607,701,国家(地区)不明,34,安徽省,12408
201607,701,国家(地区)不明,35,福建省,112553
201607,701,国家(地区)不明,36,江西省,406
201607,701,国家(地区)不明,37,山东省,99092
201607,701,国家(地区)不明,41,河南省,1070405
201607,701,国家(地区)不明,42,湖北省,53462
201607,701,国家(地区)不明,43,湖南省,2826
201607,701,国家(地区)不明,44,广东省,7587301
201607,701,国家(地区)不明,45,广西壮族自治区,218
201607,701,国家(地区)不明,50,重庆市,39432
201607,701,国家(地区)不明,51,四川省,109327508
201607,701,国家(地区)不明,61,陕西省,2748
