数据年月,贸易伙伴编码,贸易伙伴名称,注册地编码,注册地名称,人民币
201506,101,阿富汗,11,北京市,2642992
201506,101,阿富汗,44,广东省,264116
201506,102,巴林,11,北京市,1056804
201506,102,巴林,12,天津市,294522
201506,102,巴林,31,上海市,355656
201506,102,巴林,32,江苏省,35612774
201506,102,巴林,33,浙江省,1560382
201506,102,巴林,37,山东省,1194788
201506,102,巴林,44,广东省,5539397
201506,103,孟加拉国,11,北京市,32431516
201506,103,孟加拉国,12,天津市,23700967
201506,103,孟加拉国,13,河北省,3223066
201506,103,孟加拉国,21,辽宁省,2645048
201506,103,孟加拉国,22,吉林省,434212
201506,103,孟加拉国,31,上海市,261032771
201506,103,孟加拉国,32,江苏省,17219149
201506,103,孟加拉国,33,浙江省,15157001
201506,103,孟加拉国,34,安徽省,2068607
201506,103,孟加拉国,35,福建省,5527805
201506,103,孟加拉国,36,江西省,5744937
201506,103,孟加拉国,37,山东省,6125269
201506,103,孟加拉国,41,河南省,2347158
201506,103,孟加拉国,42,湖北省,722655
201506,103,孟加拉国,43,湖南省,1957771
201506,103,孟加拉国,44,广东省,71612844
201506,103,孟加拉国,45,广西壮族自治区,1345885
201506,103,孟加拉国,46,海南省,105158
201506,103,孟加拉国,50,重庆市,39367
201506,103,孟加拉国,51,四川省,331829
201506,103,孟加拉国,53,云南省,4910866
201506,103,孟加拉国,61,陕西省,466
201506,103,孟加拉国,62,甘肃省,1931214
201506,104,不丹,32,江苏省,37898
201506,105,文莱,31,上海市,9154080
201506,105,文莱,35,福建省,11690254
201506,105,文莱,44,广东省,21
201506,106,缅甸,11,北京市,45758639
201506,106,缅甸,12,天津市,4080
201506,106,缅甸,13,河北省,32411
201506,106,缅甸,14,山西省,55879454
201506,106,缅甸,21,辽宁省,7837171
201506,106,缅甸,31,上海市,15199989
201506,106,缅甸,32,江苏省,2972900
201506,106,缅甸,33,浙江省,4295400
201506,106,缅甸,34,安徽省,136848
201506,106,缅甸,35,福建省,149258662
201506,106,缅甸,36,江西省,1772795
201506,106,缅甸,37,山东省,16923673
201506,106,缅甸,41,河南省,146203
201506,106,缅甸,42,湖北省,261492021
201506,106,缅甸,43,湖南省,765555
201506,106,缅甸,44,广东省,38498428
201506,106,缅甸,45,广西壮族自治区,311389821
201506,106,缅甸,53,云南省,2107061002
201506,107,柬埔寨,11,北京市,63753933
201506,107,柬埔寨,12,天津市,374540
201506,107,柬埔寨,13,河北省,68137728
201506,107,柬埔寨,21,辽宁省,460271
201506,107,柬埔寨,31,上海市,140374346
201506,107,柬埔寨,32,江苏省,56551265
201506,107,柬埔寨,33,浙江省,5106055
201506,107,柬埔寨,35,福建省,17407482
201506,107,柬埔寨,36,江西省,346566
201506,107,柬埔寨,37,山东省,5567940
201506,107,柬埔寨,41,河南省,109752
201506,107,柬埔寨,43,湖南省,3002871
201506,107,柬埔寨,44,广东省,71298792
201506,107,柬埔寨,45,广西壮族自治区,5485543
201506,107,柬埔寨,46,海南省,66798
201506,107,柬埔寨,51,四川省,59367
201506,108,塞浦路斯,11,北京市,36521490
201506,108,塞浦路斯,12,天津市,1123669
201506,108,塞浦路斯,31,上海市,891992
201506,108,塞浦路斯,35,福建省,2694
201506,108,塞浦路斯,44,广东省,928812
201506,109,朝鲜,11,北京市,3979257
201506,109,朝鲜,12,天津市,25922366
201506,109,朝鲜,13,河北省,31409644
201506,109,朝鲜,21,辽宁省,573299943
201506,109,朝鲜,22,吉林省,241520066
201506,109,朝鲜,31,上海市,14884494
201506,109,朝鲜,32,江苏省,15945057
201506,109,朝鲜,33,浙江省,5909340
201506,109,朝鲜,34,安徽省,840469
201506,109,朝鲜,35,福建省,33577878
201506,109,朝鲜,36,江西省,3001562
201506,109,朝鲜,37,山东省,317866581
201506,109,朝鲜,44,广东省,66160711
201506,109,朝鲜,45,广西壮族自治区,10095985
201506,109,朝鲜,50,重庆市,4312723
201506,109,朝鲜,52,贵州省,72103
201506,109,朝鲜,53,云南省,355340
201506,109,朝鲜,62,甘肃省,24857630
201506,110,中国香港,11,北京市,1528920784
201506,110,中国香港,12,天津市,183707346
201506,110,中国香港,13,河北省,19179614
201506,110,中国香港,14,山西省,119805
201506,110,中国香港,15,内蒙古自治区,348140
201506,110,中国香港,21,辽宁省,48149831
201506,110,中国香港,22,吉林省,558959
201506,110,中国香港,23,黑龙江省,91688
201506,110,中国香港,31,上海市,426939394
201506,110,中国香港,32,江苏省,252538694
201506,110,中国香港,33,浙江省,189448947
201506,110,中国香港,34,安徽省,5282847
201506,110,中国香港,35,福建省,55907498
201506,110,中国香港,36,江西省,36694523
201506,110,中国香港,37,山东省,108648195
201506,110,中国香港,41,河南省,864227
201506,110,中国香港,42,湖北省,24843193
201506,110,中国香港,43,湖南省,141464387
201506,110,中国香港,44,广东省,2410875719
201506,110,中国香港,45,广西壮族自治区,114496834
201506,110,中国香港,46,海南省,74338
201506,110,中国香港,50,重庆市,1923498
201506,110,中国香港,51,四川省,173949986
201506,110,中国香港,52,贵州省,129010205
201506,110,中国香港,53,云南省,1099103
201506,110,中国香港,61,陕西省,17223354
201506,110,中国香港,62,甘肃省,366750
201506,110,中国香港,64,宁夏回族自治区,46802523
201506,111,印度,11,北京市,584677340
201506,111,印度,12,天津市,114974594
201506,111,印度,13,河北省,166521472
201506,111,印度,14,山西省,158287
201506,111,印度,15,内蒙古自治区,2385134
201506,111,印度,21,辽宁省,104814987
201506,111,印度,22,吉林省,7617779
201506,111,印度,23,黑龙江省,241994
201506,111,印度,31,上海市,1317406090
201506,111,印度,32,江苏省,567626198
201506,111,印度,33,浙江省,481416906
201506,111,印度,34,安徽省,189829227
201506,111,印度,35,福建省,536842995
201506,111,印度,36,江西省,14385262
201506,111,印度,37,山东省,750552285
201506,111,印度,41,河南省,110602981
201506,111,印度,42,湖北省,22194715
201506,111,印度,43,湖南省,21024329
201506,111,印度,44,广东省,1291877404
201506,111,印度,45,广西壮族自治区,18776538
201506,111,印度,46,海南省,1159758
201506,111,印度,50,重庆市,15180892
201506,111,印度,51,四川省,23227629
201506,111,印度,52,贵州省,794625
201506,111,印度,53,云南省,27320564
201506,111,印度,54,西藏自治区,8194919
201506,111,印度,61,陕西省,2926640
201506,111,印度,62,甘肃省,527417
201506,111,印度,64,宁夏回族自治区,8333273
201506,111,印度,65,新疆维吾尔自治区,16490070
201506,112,印度尼西亚,11,北京市,761127061
201506,112,印度尼西亚,12,天津市,558898627
201506,112,印度尼西亚,13,河北省,39059723
201506,112,印度尼西亚,14,山西省,46944
201506,112,印度尼西亚,21,辽宁省,185644088
201506,112,印度尼西亚,22,吉林省,4762623
201506,112,印度尼西亚,23,黑龙江省,1406076
201506,112,印度尼西亚,31,上海市,1237367743
201506,112,印度尼西亚,32,江苏省,1246546959
201506,112,印度尼西亚,33,浙江省,926715902
201506,112,印度尼西亚,34,安徽省,58425769
201506,112,印度尼西亚,35,福建省,962140980
201506,112,印度尼西亚,36,江西省,12154644
201506,112,印度尼西亚,37,山东省,1350531299
201506,112,印度尼西亚,41,河南省,68889844
201506,112,印度尼西亚,42,湖北省,48147941
201506,112,印度尼西亚,43,湖南省,79240924
201506,112,印度尼西亚,44,广东省,1848353142
201506,112,印度尼西亚,45,广西壮族自治区,250170442
201506,112,印度尼西亚,46,海南省,71832032
201506,112,印度尼西亚,50,重庆市,42963114
201506,112,印度尼西亚,51,四川省,15349896
201506,112,印度尼西亚,53,云南省,806724
201506,112,印度尼西亚,61,陕西省,10125643
201506,112,印度尼西亚,62,甘肃省,228608
201506,112,印度尼西亚,63,青海省,31587152
201506,112,印度尼西亚,64,宁夏回族自治区,421188
201506,112,印度尼西亚,65,新疆维吾尔自治区,1649542
201506,113,伊朗,11,北京市,3570694010
201506,113,伊朗,12,天津市,46157472
201506,113,伊朗,13,河北省,4449080
201506,113,伊朗,14,山西省,2366474
201506,113,伊朗,21,辽宁省,458031629
201506,113,伊朗,31,上海市,133387835
201506,113,伊朗,32,江苏省,380076733
201506,113,伊朗,33,浙江省,698422061
201506,113,伊朗,34,安徽省,23498311
201506,113,伊朗,35,福建省,135795053
201506,113,伊朗,36,江西省,72781990
201506,113,伊朗,37,山东省,233168285
201506,113,伊朗,42,湖北省,62428245
201506,113,伊朗,43,湖南省,37744236
201506,113,伊朗,44,广东省,4489742057
201506,113,伊朗,46,海南省,2200500
201506,113,伊朗,50,重庆市,21453047
201506,113,伊朗,51,四川省,24084132
201506,113,伊朗,65,新疆维吾尔自治区,1067608
201506,114,伊拉克,11,北京市,7966560546
201506,114,伊拉克,23,黑龙江省,359768791
201506,114,伊拉克,43,湖南省,149041158
201506,114,伊拉克,44,广东省,16931
201506,115,以色列,11,北京市,212393053
201506,115,以色列,12,天津市,68268854
201506,115,以色列,13,河北省,1913950
201506,115,以色列,14,山西省,710719
201506,115,以色列,21,辽宁省,12759010
201506,115,以色列,22,吉林省,3130772
201506,115,以色列,23,黑龙江省,18862698
201506,115,以色列,31,上海市,360007191
201506,115,以色列,32,江苏省,160221440
201506,115,以色列,33,浙江省,30483530
201506,115,以色列,34,安徽省,3984581
201506,115,以色列,35,福建省,8856992
201506,115,以色列,36,江西省,2873457
201506,115,以色列,37,山东省,14945722
201506,115,以色列,41,河南省,864877
201506,115,以色列,42,湖北省,9129996
201506,115,以色列,43,湖南省,11799999
201506,115,以色列,44,广东省,181381964
201506,115,以色列,45,广西壮族自治区,1030198
201506,115,以色列,46,海南省,4621050
201506,115,以色列,50,重庆市,5732208
201506,115,以色列,51,四川省,207867743
201506,115,以色列,53,云南省,3715904
201506,115,以色列,61,陕西省,29693216
201506,115,以色列,62,甘肃省,113869
201506,115,以色列,65,新疆维吾尔自治区,2573412
201506,116,日本,11,北京市,5554643232
201506,116,日本,12,天津市,4009115244
201506,116,日本,13,河北省,348543191
201506,116,日本,14,山西省,185819448
201506,116,日本,15,内蒙古自治区,38119110
201506,116,日本,21,辽宁省,2333305262
201506,116,日本,22,吉林省,770073828
201506,116,日本,23,黑龙江省,120509386
201506,116,日本,31,上海市,15558366814
201506,116,日本,32,江苏省,13312079553
201506,116,日本,33,浙江省,4226893683
201506,116,日本,34,安徽省,393275865
201506,116,日本,35,福建省,1535673082
201506,116,日本,36,江西省,268918010
201506,116,日本,37,山东省,2846000936
201506,116,日本,41,河南省,1258267656
201506,116,日本,42,湖北省,934812078
201506,116,日本,43,湖南省,354231603
201506,116,日本,44,广东省,19904450991
201506,116,日本,45,广西壮族自治区,132391021
201506,116,日本,46,海南省,95435070
201506,116,日本,50,重庆市,951665155
201506,116,日本,51,四川省,862721810
201506,116,日本,52,贵州省,13353963
201506,116,日本,53,云南省,17574127
201506,116,日本,61,陕西省,553276688
201506,116,日本,62,甘肃省,9946134
201506,116,日本,63,青海省,444801
201506,116,日本,64,宁夏回族自治区,28094039
201506,116,日本,65,新疆维吾尔自治区,15757656
201506,117,约旦,11,北京市,21143553
201506,117,约旦,12,天津市,825949
201506,117,约旦,31,上海市,4141525
201506,117,约旦,32,江苏省,11865052
201506,117,约旦,33,浙江省,2282557
201506,117,约旦,37,山东省,973081
201506,117,约旦,44,广东省,14607055
201506,117,约旦,51,四川省,2925
201506,118,科威特,11,北京市,2228115441
201506,118,科威特,12,天津市,13068
201506,118,科威特,13,河北省,4934162
201506,118,科威特,21,辽宁省,1600050
201506,118,科威特,23,黑龙江省,376528872
201506,118,科威特,31,上海市,7785429
201506,118,科威特,32,江苏省,280911152
201506,118,科威特,33,浙江省,50858782
201506,118,科威特,34,安徽省,95070
201506,118,科威特,35,福建省,82368266
201506,118,科威特,37,山东省,108090285
201506,118,科威特,42,湖北省,235316
201506,118,科威特,44,广东省,291606556
201506,118,科威特,50,重庆市,828359
201506,119,老挝,11,北京市,188439606
201506,119,老挝,31,上海市,59933046
201506,119,老挝,32,江苏省,8483390
201506,119,老挝,33,浙江省,46579284
201506,119,老挝,34,安徽省,80631297
201506,119,老挝,35,福建省,7839800
201506,119,老挝,37,山东省,99537
201506,119,老挝,43,湖南省,459899
201506,119,老挝,44,广东省,193087662
201506,119,老挝,45,广西壮族自治区,263834
201506,119,老挝,53,云南省,342568373
201506,120,黎巴嫩,31,上海市,34339
201506,120,黎巴嫩,32,江苏省,759444
201506,120,黎巴嫩,33,浙江省,4084716
201506,120,黎巴嫩,35,福建省,91656
201506,120,黎巴嫩,37,山东省,153
201506,120,黎巴嫩,42,湖北省,2472
201506,120,黎巴嫩,44,广东省,107623
201506,121,中国澳门,11,北京市,3810849
201506,121,中国澳门,12,天津市,123827
201506,121,中国澳门,31,上海市,3753450
201506,121,中国澳门,32,江苏省,882309
201506,121,中国澳门,33,浙江省,1650
201506,121,中国澳门,35,福建省,23804
201506,121,中国澳门,42,湖北省,1442809
201506,121,中国澳门,44,广东省,84390226
201506,122,马来西亚,11,北京市,1018522682
201506,122,马来西亚,12,天津市,807865759
201506,122,马来西亚,13,河北省,56281893
201506,122,马来西亚,14,山西省,9100587
201506,122,马来西亚,15,内蒙古自治区,2289990
201506,122,马来西亚,21,辽宁省,308902842
201506,122,马来西亚,22,吉林省,73326612
201506,122,马来西亚,23,黑龙江省,7905407
201506,122,马来西亚,31,上海市,6695840537
201506,122,马来西亚,32,江苏省,3710857895
201506,122,马来西亚,33,浙江省,1443895642
201506,122,马来西亚,34,安徽省,178443171
201506,122,马来西亚,35,福建省,830575161
201506,122,马来西亚,36,江西省,194576659
201506,122,马来西亚,37,山东省,3679855775
201506,122,马来西亚,41,河南省,172278244
201506,122,马来西亚,42,湖北省,119944605
201506,122,马来西亚,43,湖南省,77431283
201506,122,马来西亚,44,广东省,8819284039
201506,122,马来西亚,45,广西壮族自治区,436775659
201506,122,马来西亚,46,海南省,186409479
201506,122,马来西亚,50,重庆市,2508186470
201506,122,马来西亚,51,四川省,577270886
201506,122,马来西亚,52,贵州省,35260984
201506,122,马来西亚,53,云南省,1967958
201506,122,马来西亚,61,陕西省,62731027
201506,122,马来西亚,62,甘肃省,55832200
201506,122,马来西亚,64,宁夏回族自治区,28466898
201506,122,马来西亚,65,新疆维吾尔自治区,6389729
201506,123,马尔代夫,31,上海市,3397
201506,123,马尔代夫,44,广东省,2598
201506,124,蒙古,11,北京市,264752999
201506,124,蒙古,12,天津市,11782857
201506,124,蒙古,13,河北省,109245097
201506,124,蒙古,14,山西省,63067211
201506,124,蒙古,15,内蒙古自治区,1875706769
201506,124,蒙古,21,辽宁省,8999768
201506,124,蒙古,22,吉林省,42558000
201506,124,蒙古,31,上海市,146362
201506,124,蒙古,32,江苏省,26175910
201506,124,蒙古,33,浙江省,40016870
201506,124,蒙古,37,山东省,3429495
201506,124,蒙古,41,河南省,22751772
201506,124,蒙古,44,广东省,93000
201506,124,蒙古,53,云南省,20706284
201506,124,蒙古,62,甘肃省,91124404
201506,124,蒙古,63,青海省,19229858
201506,124,蒙古,64,宁夏回族自治区,20386
201506,124,蒙古,65,新疆维吾尔自治区,15505210
201506,125,尼泊尔,11,北京市,1436175
201506,125,尼泊尔,23,黑龙江省,3056
201506,125,尼泊尔,31,上海市,468926
201506,125,尼泊尔,32,江苏省,497745
201506,125,尼泊尔,33,浙江省,2060
201506,125,尼泊尔,35,福建省,3000
201506,125,尼泊尔,37,山东省,826645
201506,125,尼泊尔,44,广东省,3158669
201506,125,尼泊尔,51,四川省,270577
201506,125,尼泊尔,53,云南省,272217
201506,125,尼泊尔,54,西藏自治区,8280780
201506,126,阿曼,11,北京市,5164994226
201506,126,阿曼,12,天津市,6599435
201506,126,阿曼,13,河北省,3871821
201506,126,阿曼,14,山西省,5739371
201506,126,阿曼,21,辽宁省,200233113
201506,126,阿曼,31,上海市,25515768
201506,126,阿曼,32,江苏省,78115306
201506,126,阿曼,33,浙江省,144079697
201506,126,阿曼,35,福建省,4598830
201506,126,阿曼,37,山东省,707819065
201506,126,阿曼,44,广东省,71868586
201506,126,阿曼,46,海南省,1163683225
201506,126,阿曼,51,四川省,477331
201506,127,巴基斯坦,11,北京市,210799076
201506,127,巴基斯坦,12,天津市,15686779
201506,127,巴基斯坦,13,河北省,11681386
201506,127,巴基斯坦,14,山西省,18222329
201506,127,巴基斯坦,21,辽宁省,26803889
201506,127,巴基斯坦,22,吉林省,2867996
201506,127,巴基斯坦,31,上海市,117776106
201506,127,巴基斯坦,32,江苏省,68591989
201506,127,巴基斯坦,33,浙江省,121793883
201506,127,巴基斯坦,34,安徽省,30218439
201506,127,巴基斯坦,35,福建省,69059741
201506,127,巴基斯坦,36,江西省,7383569
201506,127,巴基斯坦,37,山东省,146147982
201506,127,巴基斯坦,41,河南省,6729445
201506,127,巴基斯坦,42,湖北省,4948875
201506,127,巴基斯坦,43,湖南省,11327533
201506,127,巴基斯坦,44,广东省,394949225
201506,127,巴基斯坦,45,广西壮族自治区,1726403
201506,127,巴基斯坦,46,海南省,1573018
201506,127,巴基斯坦,50,重庆市,5298
201506,127,巴基斯坦,51,四川省,5812804
201506,127,巴基斯坦,52,贵州省,3250877
201506,127,巴基斯坦,61,陕西省,1451858
201506,127,巴基斯坦,64,宁夏回族自治区,3802
201506,127,巴基斯坦,65,新疆维吾尔自治区,7929537
201506,128,巴勒斯坦,32,江苏省,879
201506,128,巴勒斯坦,51,四川省,25350
201506,129,菲律宾,11,北京市,250578285
201506,129,菲律宾,12,天津市,362187036
201506,129,菲律宾,13,河北省,3561706
201506,129,菲律宾,14,山西省,32627088
201506,129,菲律宾,15,内蒙古自治区,105863110
201506,129,菲律宾,21,辽宁省,256319420
201506,129,菲律宾,22,吉林省,22214259
201506,129,菲律宾,23,黑龙江省,842792
201506,129,菲律宾,31,上海市,1396273511
201506,129,菲律宾,32,江苏省,1198383408
201506,129,菲律宾,33,浙江省,480541830
201506,129,菲律宾,34,安徽省,63991529
201506,129,菲律宾,35,福建省,460051822
201506,129,菲律宾,36,江西省,16312958
201506,129,菲律宾,37,山东省,393771661
201506,129,菲律宾,41,河南省,117699136
201506,129,菲律宾,42,湖北省,43492877
201506,129,菲律宾,43,湖南省,80324806
201506,129,菲律宾,44,广东省,3387157949
201506,129,菲律宾,45,广西壮族自治区,302720800
201506,129,菲律宾,46,海南省,3702650
201506,129,菲律宾,50,重庆市,383338398
201506,129,菲律宾,51,四川省,84462827
201506,129,菲律宾,52,贵州省,492793
201506,129,菲律宾,61,陕西省,24671749
201506,129,菲律宾,62,甘肃省,415651
201506,129,菲律宾,64,宁夏回族自治区,183359
201506,129,菲律宾,65,新疆维吾尔自治区,397752
201506,130,卡塔尔,11,北京市,604177331
201506,130,卡塔尔,12,天津市,91407674
201506,130,卡塔尔,13,河北省,2864065
201506,130,卡塔尔,21,辽宁省,339281497
201506,130,卡塔尔,31,上海市,50671697
201506,130,卡塔尔,32,江苏省,470605017
201506,130,卡塔尔,33,浙江省,104821597
201506,130,卡塔尔,34,安徽省,8373113
201506,130,卡塔尔,35,福建省,70749590
201506,130,卡塔尔,37,山东省,50457840
201506,130,卡塔尔,41,河南省,1660936
201506,130,卡塔尔,42,湖北省,226010
201506,130,卡塔尔,44,广东省,104920155
201506,130,卡塔尔,45,广西壮族自治区,4255
201506,130,卡塔尔,50,重庆市,1066142
201506,130,卡塔尔,51,四川省,2343069
201506,130,卡塔尔,52,贵州省,30891949
201506,130,卡塔尔,65,新疆维吾尔自治区,9000
201506,131,沙特阿拉伯,11,北京市,9661761116
201506,131,沙特阿拉伯,12,天津市,116449510
201506,131,沙特阿拉伯,13,河北省,16316413
201506,131,沙特阿拉伯,21,辽宁省,143601239
201506,131,沙特阿拉伯,22,吉林省,9426901
201506,131,沙特阿拉伯,23,黑龙江省,1045254126
201506,131,沙特阿拉伯,31,上海市,328938029
201506,131,沙特阿拉伯,32,江苏省,1754512826
201506,131,沙特阿拉伯,33,浙江省,1092334912
201506,131,沙特阿拉伯,34,安徽省,19746282
201506,131,沙特阿拉伯,35,福建省,3334875767
201506,131,沙特阿拉伯,36,江西省,4287525
201506,131,沙特阿拉伯,37,山东省,195253472
201506,131,沙特阿拉伯,41,河南省,75902662
201506,131,沙特阿拉伯,42,湖北省,12993495
201506,131,沙特阿拉伯,43,湖南省,90404
201506,131,沙特阿拉伯,44,广东省,711538463
201506,131,沙特阿拉伯,45,广西壮族自治区,1591031759
201506,131,沙特阿拉伯,46,海南省,73094940
201506,131,沙特阿拉伯,50,重庆市,28462968
201506,131,沙特阿拉伯,52,贵州省,39015367
201506,131,沙特阿拉伯,53,云南省,10555741
201506,131,沙特阿拉伯,61,陕西省,1397
201506,131,沙特阿拉伯,65,新疆维吾尔自治区,1396008
201506,132,新加坡,11,北京市,986087373
201506,132,新加坡,12,天津市,611553426
201506,132,新加坡,13,河北省,40502333
201506,132,新加坡,14,山西省,4442896
201506,132,新加坡,15,内蒙古自治区,1106307
201506,132,新加坡,21,辽宁省,134661658
201506,132,新加坡,22,吉林省,15215295
201506,132,新加坡,23,黑龙江省,4443156
201506,132,新加坡,31,上海市,3835018732
201506,132,新加坡,32,江苏省,3647302004
201506,132,新加坡,33,浙江省,1644204897
201506,132,新加坡,34,安徽省,43778743
201506,132,新加坡,35,福建省,723141161
201506,132,新加坡,36,江西省,228500474
201506,132,新加坡,37,山东省,370810353
201506,132,新加坡,41,河南省,237476616
201506,132,新加坡,42,湖北省,839552446
201506,132,新加坡,43,湖南省,25990881
201506,132,新加坡,44,广东省,3524197179
201506,132,新加坡,45,广西壮族自治区,78880903
201506,132,新加坡,46,海南省,20689861
201506,132,新加坡,50,重庆市,168477267
201506,132,新加坡,51,四川省,91853893
201506,132,新加坡,52,贵州省,850884
201506,132,新加坡,53,云南省,18688592
201506,132,新加坡,54,西藏自治区,230832
201506,132,新加坡,61,陕西省,102923838
201506,132,新加坡,62,甘肃省,32024373
201506,132,新加坡,64,宁夏回族自治区,689240
201506,132,新加坡,65,新疆维吾尔自治区,4966567
201506,133,韩国,11,北京市,4227285329
201506,133,韩国,12,天津市,5531685556
201506,133,韩国,13,河北省,442863812
201506,133,韩国,14,山西省,145445915
201506,133,韩国,15,内蒙古自治区,26625573
201506,133,韩国,21,辽宁省,2486851323
201506,133,韩国,22,吉林省,109641603
201506,133,韩国,23,黑龙江省,26970710
201506,133,韩国,31,上海市,8696990299
201506,133,韩国,32,江苏省,21447760841
201506,133,韩国,33,浙江省,2781660896
201506,133,韩国,34,安徽省,527713326
201506,133,韩国,35,福建省,1952596413
201506,133,韩国,36,江西省,238358589
201506,133,韩国,37,山东省,9492164273
201506,133,韩国,41,河南省,3182227926
201506,133,韩国,42,湖北省,514040471
201506,133,韩国,43,湖南省,315470261
201506,133,韩国,44,广东省,19761931987
201506,133,韩国,45,广西壮族自治区,97358780
201506,133,韩国,46,海南省,67906937
201506,133,韩国,50,重庆市,1232931994
201506,133,韩国,51,四川省,678183384
201506,133,韩国,52,贵州省,3293718
201506,133,韩国,53,云南省,7523854
201506,133,韩国,54,西藏自治区,3117210
201506,133,韩国,61,陕西省,857046261
201506,133,韩国,62,甘肃省,30976425
201506,133,韩国,64,宁夏回族自治区,35658473
201506,133,韩国,65,新疆维吾尔自治区,14814409
201506,134,斯里兰卡,11,北京市,5468809
201506,134,斯里兰卡,12,天津市,1984936
201506,134,斯里兰卡,13,河北省,3780314
201506,134,斯里兰卡,21,辽宁省,1406308
201506,134,斯里兰卡,31,上海市,29173820
201506,134,斯里兰卡,32,江苏省,25416131
201506,134,斯里兰卡,33,浙江省,2834753
201506,134,斯里兰卡,34,安徽省,3520745
201506,134,斯里兰卡,35,福建省,6436538
201506,134,斯里兰卡,36,江西省,582013
201506,134,斯里兰卡,37,山东省,9928983
201506,134,斯里兰卡,42,湖北省,342
201506,134,斯里兰卡,43,湖南省,106844
201506,134,斯里兰卡,44,广东省,39338233
201506,134,斯里兰卡,45,广西壮族自治区,229403
201506,134,斯里兰卡,46,海南省,34451
201506,134,斯里兰卡,51,四川省,20852
201506,134,斯里兰卡,53,云南省,370
201506,134,斯里兰卡,61,陕西省,71669
201506,134,斯里兰卡,65,新疆维吾尔自治区,497419
201506,135,叙利亚,31,上海市,73
201506,135,叙利亚,35,福建省,303824
201506,136,泰国,11,北京市,889410369
201506,136,泰国,12,天津市,339732780
201506,136,泰国,13,河北省,106117543
201506,136,泰国,14,山西省,4195942
201506,136,泰国,15,内蒙古自治区,12234828
201506,136,泰国,21,辽宁省,200737038
201506,136,泰国,22,吉林省,74589439
201506,136,泰国,23,黑龙江省,27913506
201506,136,泰国,31,上海市,2355459515
201506,136,泰国,32,江苏省,2612294266
201506,136,泰国,33,浙江省,1017421780
201506,136,泰国,34,安徽省,151973805
201506,136,泰国,35,福建省,723527678
201506,136,泰国,36,江西省,92975112
201506,136,泰国,37,山东省,1847600879
201506,136,泰国,41,河南省,156558911
201506,136,泰国,42,湖北省,178159456
201506,136,泰国,43,湖南省,42285675
201506,136,泰国,44,广东省,7151730928
201506,136,泰国,45,广西壮族自治区,639056797
201506,136,泰国,46,海南省,110590494
201506,136,泰国,50,重庆市,225937069
201506,136,泰国,51,四川省,46542012
201506,136,泰国,52,贵州省,63336432
201506,136,泰国,53,云南省,282426629
201506,136,泰国,54,西藏自治区,2203
201506,136,泰国,61,陕西省,27322584
201506,136,泰国,62,甘肃省,1051754
201506,136,泰国,65,新疆维吾尔自治区,2153783
201506,137,土耳其,11,北京市,243811056
201506,137,土耳其,12,天津市,49939115
201506,137,土耳其,13,河北省,7932848
201506,137,土耳其,14,山西省,39386611
201506,137,土耳其,15,内蒙古自治区,475184
201506,137,土耳其,21,辽宁省,69280826
201506,137,土耳其,22,吉林省,11113760
201506,137,土耳其,23,黑龙江省,30267
201506,137,土耳其,31,上海市,247996407
201506,137,土耳其,32,江苏省,103347593
201506,137,土耳其,33,浙江省,73466932
201506,137,土耳其,34,安徽省,31585429
201506,137,土耳其,35,福建省,333525920
201506,137,土耳其,36,江西省,1653498
201506,137,土耳其,37,山东省,60636411
201506,137,土耳其,41,河南省,24332068
201506,137,土耳其,42,湖北省,4116910
201506,137,土耳其,43,湖南省,6008693
201506,137,土耳其,44,广东省,132136474
201506,137,土耳其,45,广西壮族自治区,222021
201506,137,土耳其,46,海南省,4776617
201506,137,土耳其,50,重庆市,23118594
201506,137,土耳其,51,四川省,16924213
201506,137,土耳其,53,云南省,21662279
201506,137,土耳其,61,陕西省,687836
201506,137,土耳其,62,甘肃省,266993
201506,137,土耳其,65,新疆维吾尔自治区,20914211
201506,138,阿联酋,11,北京市,1277515096
201506,138,阿联酋,12,天津市,56615340
201506,138,阿联酋,13,河北省,56818816
201506,138,阿联酋,21,辽宁省,71311448
201506,138,阿联酋,22,吉林省,3512694
201506,138,阿联酋,31,上海市,478825942
201506,138,阿联酋,32,江苏省,316647900
201506,138,阿联酋,33,浙江省,307985981
201506,138,阿联酋,34,安徽省,31170626
201506,138,阿联酋,35,福建省,69279044
201506,138,阿联酋,36,江西省,2683
201506,138,阿联酋,37,山东省,505938377
201506,138,阿联酋,41,河南省,3210254
201506,138,阿联酋,42,湖北省,2178495
201506,138,阿联酋,43,湖南省,18497053
201506,138,阿联酋,44,广东省,1262423396
201506,138,阿联酋,46,海南省,417712614
201506,138,阿联酋,50,重庆市,32461
201506,138,阿联酋,51,四川省,4932838
201506,138,阿联酋,53,云南省,12771060
201506,138,阿联酋,62,甘肃省,36740584
201506,138,阿联酋,65,新疆维吾尔自治区,408189
201506,139,也门,31,上海市,4745
201506,139,也门,33,浙江省,2959309
201506,139,也门,37,山东省,1179511
201506,139,也门,44,广东省,37335
201506,141,越南,11,北京市,643769638
201506,141,越南,12,天津市,245280065
201506,141,越南,13,河北省,9874152
201506,141,越南,14,山西省,38286987
201506,141,越南,21,辽宁省,314537646
201506,141,越南,22,吉林省,3595363
201506,141,越南,23,黑龙江省,5681925
201506,141,越南,31,上海市,2540610711
201506,141,越南,32,江苏省,1413871736
201506,141,越南,33,浙江省,751504001
201506,141,越南,34,安徽省,100794329
201506,141,越南,35,福建省,445084181
201506,141,越南,36,江西省,36632343
201506,141,越南,37,山东省,594096642
201506,141,越南,41,河南省,709621322
201506,141,越南,42,湖北省,95108730
201506,141,越南,43,湖南省,29833513
201506,141,越南,44,广东省,4366190194
201506,141,越南,45,广西壮族自治区,3268166620
201506,141,越南,46,海南省,180352296
201506,141,越南,50,重庆市,400354129
201506,141,越南,51,四川省,291288970
201506,141,越南,52,贵州省,4662540
201506,141,越南,53,云南省,313054686
201506,141,越南,61,陕西省,4461868
201506,141,越南,62,甘肃省,28022338
201506,141,越南,64,宁夏回族自治区,249230
201506,142,中国,11,北京市,1283592763
201506,142,中国,12,天津市,869028944
201506,142,中国,13,河北省,57331906
201506,142,中国,14,山西省,206889656
201506,142,中国,15,内蒙古自治区,288941
201506,142,中国,21,辽宁省,235485082
201506,142,中国,22,吉林省,28454863
201506,142,中国,23,黑龙江省,3828486
201506,142,中国,31,上海市,6010651279
201506,142,中国,32,江苏省,9960335798
201506,142,中国,33,浙江省,519883982
201506,142,中国,34,安徽省,249531020
201506,142,中国,35,福建省,1067193360
201506,142,中国,36,江西省,275381502
201506,142,中国,37,山东省,942792066
201506,142,中国,41,河南省,3123654827
201506,142,中国,42,湖北省,674637318
201506,142,中国,43,湖南省,850308042
201506,142,中国,44,广东省,43517991904
201506,142,中国,45,广西壮族自治区,452692234
201506,142,中国,46,海南省,6229882
201506,142,中国,50,重庆市,1191699590
201506,142,中国,51,四川省,457791315
201506,142,中国,52,贵州省,410032814
201506,142,中国,53,云南省,10465342
201506,142,中国,61,陕西省,90574024
201506,142,中国,62,甘肃省,21404969
201506,142,中国,64,宁夏回族自治区,1008002
201506,142,中国,65,新疆维吾尔自治区,1865814
201506,143,中国台湾,11,北京市,870207169
201506,143,中国台湾,12,天津市,1021262415
201506,143,中国台湾,13,河北省,142839261
201506,143,中国台湾,14,山西省,134058469
201506,143,中国台湾,15,内蒙古自治区,12723157
201506,143,中国台湾,21,辽宁省,260813531
201506,143,中国台湾,22,吉林省,61225099
201506,143,中国台湾,23,黑龙江省,8399647
201506,143,中国台湾,31,上海市,7707496595
201506,143,中国台湾,32,江苏省,16794342867
201506,143,中国台湾,33,浙江省,4058880739
201506,143,中国台湾,34,安徽省,647914908
201506,143,中国台湾,35,福建省,4007729631
201506,143,中国台湾,36,江西省,1696158375
201506,143,中国台湾,37,山东省,1880118964
201506,143,中国台湾,41,河南省,1948270548
201506,143,中国台湾,42,湖北省,624306817
201506,143,中国台湾,43,湖南省,384915742
201506,143,中国台湾,44,广东省,26118362807
201506,143,中国台湾,45,广西壮族自治区,608452182
201506,143,中国台湾,46,海南省,18236589
201506,143,中国台湾,50,重庆市,1007817979
201506,143,中国台湾,51,四川省,756483299
201506,143,中国台湾,52,贵州省,406870000
201506,143,中国台湾,53,云南省,22317167
201506,143,中国台湾,61,陕西省,2019295894
201506,143,中国台湾,62,甘肃省,59993888
201506,143,中国台湾,64,宁夏回族自治区,3611618
201506,143,中国台湾,65,新疆维吾尔自治区,603694
201506,145,哈萨克斯坦,11,北京市,1842801438
201506,145,哈萨克斯坦,12,天津市,359123
201506,145,哈萨克斯坦,14,山西省,164631292
201506,145,哈萨克斯坦,22,吉林省,14388069
201506,145,哈萨克斯坦,23,黑龙江省,331496
201506,145,哈萨克斯坦,31,上海市,233378888
201506,145,哈萨克斯坦,32,江苏省,42585795
201506,145,哈萨克斯坦,33,浙江省,26584706
201506,145,哈萨克斯坦,36,江西省,125307
201506,145,哈萨克斯坦,37,山东省,33493920
201506,145,哈萨克斯坦,41,河南省,45378399
201506,145,哈萨克斯坦,42,湖北省,2835105
201506,145,哈萨克斯坦,44,广东省,3776908
201506,145,哈萨克斯坦,51,四川省,4070082
201506,145,哈萨克斯坦,52,贵州省,1088401
201506,145,哈萨克斯坦,53,云南省,2361633
201506,145,哈萨克斯坦,62,甘肃省,95858292
201506,145,哈萨克斯坦,65,新疆维吾尔自治区,278588131
201506,146,吉尔吉斯斯坦,13,河北省,461306
201506,146,吉尔吉斯斯坦,37,山东省,36049
201506,146,吉尔吉斯斯坦,65,新疆维吾尔自治区,17579652
201506,147,塔吉克斯坦,11,北京市,11600954
201506,147,塔吉克斯坦,31,上海市,15342
201506,147,塔吉克斯坦,32,江苏省,3541
201506,147,塔吉克斯坦,35,福建省,715414
201506,147,塔吉克斯坦,37,山东省,201
201506,147,塔吉克斯坦,41,河南省,612030
201506,147,塔吉克斯坦,44,广东省,11003
201506,147,塔吉克斯坦,65,新疆维吾尔自治区,2682822
201506,148,土库曼斯坦,11,北京市,3323700025
201506,148,土库曼斯坦,23,黑龙江省,20915358
201506,148,土库曼斯坦,31,上海市,3496514
201506,148,土库曼斯坦,32,江苏省,6833294
201506,148,土库曼斯坦,37,山东省,7965731
201506,148,土库曼斯坦,44,广东省,1742
201506,148,土库曼斯坦,45,广西壮族自治区,6
201506,148,土库曼斯坦,53,云南省,2150000
201506,148,土库曼斯坦,65,新疆维吾尔自治区,726486
201506,149,乌兹别克斯坦,11,北京市,630769815
201506,149,乌兹别克斯坦,12,天津市,14019863
201506,149,乌兹别克斯坦,13,河北省,7143278
201506,149,乌兹别克斯坦,31,上海市,1814140
201506,149,乌兹别克斯坦,32,江苏省,25423130
201506,149,乌兹别克斯坦,33,浙江省,12238092
201506,149,乌兹别克斯坦,34,安徽省,8657128
201506,149,乌兹别克斯坦,35,福建省,17730317
201506,149,乌兹别克斯坦,37,山东省,13568015
201506,149,乌兹别克斯坦,41,河南省,4464466
201506,149,乌兹别克斯坦,65,新疆维吾尔自治区,167135646
201506,201,阿尔及利亚,11,北京市,288970018
201506,201,阿尔及利亚,12,天津市,195085033
201506,201,阿尔及利亚,13,河北省,380002
201506,201,阿尔及利亚,31,上海市,193373
201506,201,阿尔及利亚,32,江苏省,15129
201506,201,阿尔及利亚,33,浙江省,1435489
201506,201,阿尔及利亚,37,山东省,2567
201506,201,阿尔及利亚,44,广东省,63244940
201506,202,安哥拉,11,北京市,7170242003
201506,202,安哥拉,31,上海市,3104899
201506,202,安哥拉,32,江苏省,27757
201506,202,安哥拉,35,福建省,959680
201506,202,安哥拉,37,山东省,569921398
201506,202,安哥拉,44,广东省,423325474
201506,202,安哥拉,45,广西壮族自治区,387633417
201506,202,安哥拉,65,新疆维吾尔自治区,870061
201506,203,贝宁,11,北京市,15323871
201506,203,贝宁,12,天津市,457216
201506,203,贝宁,31,上海市,6968748
201506,203,贝宁,32,江苏省,12522915
201506,203,贝宁,33,浙江省,9238143
201506,203,贝宁,35,福建省,453192
201506,203,贝宁,37,山东省,57197
201506,203,贝宁,44,广东省,10365627
201506,204,博茨瓦纳,33,浙江省,18911569
201506,204,博茨瓦纳,44,广东省,19709567
201506,205,布隆迪,31,上海市,17
201506,205,布隆迪,33,浙江省,22250
201506,206,喀麦隆,11,北京市,68277514
201506,206,喀麦隆,12,天津市,322473
201506,206,喀麦隆,21,辽宁省,148251
201506,206,喀麦隆,31,上海市,56675547
201506,206,喀麦隆,32,江苏省,20365365
201506,206,喀麦隆,33,浙江省,9882027
201506,206,喀麦隆,35,福建省,13376091
201506,206,喀麦隆,37,山东省,6721663
201506,206,喀麦隆,44,广东省,10927408
201506,208,佛得角,31,上海市,11
201506,208,佛得角,32,江苏省,191
201506,209,中非,11,北京市,967411
201506,209,中非,31,上海市,1732835
201506,209,中非,32,江苏省,155146
201506,209,中非,33,浙江省,4508014
201506,209,中非,44,广东省,2765159
201506,211,乍得,33,浙江省,351542662
201506,211,乍得,44,广东省,593
201506,212,科摩罗,31,上海市,4634
201506,213,刚果共和国,11,北京市,951991396
201506,213,刚果共和国,31,上海市,15847152
201506,213,刚果共和国,32,江苏省,53846435
201506,213,刚果共和国,33,浙江省,688731150
201506,213,刚果共和国,35,福建省,673396
201506,213,刚果共和国,43,湖南省,108816843
201506,213,刚果共和国,44,广东省,33597833
201506,214,吉布提,31,上海市,404
201506,214,吉布提,32,江苏省,19551
201506,214,吉布提,33,浙江省,998521
201506,214,吉布提,50,重庆市,828
201506,215,埃及,11,北京市,2058322
201506,215,埃及,12,天津市,9150999
201506,215,埃及,21,辽宁省,551121
201506,215,埃及,31,上海市,23043060
201506,215,埃及,32,江苏省,11727891
201506,215,埃及,33,浙江省,6531386
201506,215,埃及,34,安徽省,410728
201506,215,埃及,35,福建省,49181462
201506,215,埃及,36,江西省,237710
201506,215,埃及,37,山东省,14693203
201506,215,埃及,41,河南省,302183
201506,215,埃及,42,湖北省,112820
201506,215,埃及,44,广东省,32792521
201506,215,埃及,46,海南省,171917
201506,215,埃及,50,重庆市,1793711
201506,215,埃及,51,四川省,2238
201506,215,埃及,61,陕西省,30041
201506,215,埃及,65,新疆维吾尔自治区,66624
201506,216,赤道几内亚,11,北京市,385717242
201506,216,赤道几内亚,21,辽宁省,148796651
201506,216,赤道几内亚,32,江苏省,60139644
201506,216,赤道几内亚,33,浙江省,65971004
201506,217,埃塞俄比亚,11,北京市,65624652
201506,217,埃塞俄比亚,12,天津市,31194533
201506,217,埃塞俄比亚,13,河北省,2581017
201506,217,埃塞俄比亚,21,辽宁省,4941598
201506,217,埃塞俄比亚,22,吉林省,1584208
201506,217,埃塞俄比亚,31,上海市,13637981
201506,217,埃塞俄比亚,32,江苏省,11440043
201506,217,埃塞俄比亚,33,浙江省,3438892
201506,217,埃塞俄比亚,34,安徽省,28879889
201506,217,埃塞俄比亚,35,福建省,1836789
201506,217,埃塞俄比亚,36,江西省,11275822
201506,217,埃塞俄比亚,37,山东省,64962743
201506,217,埃塞俄比亚,41,河南省,3897262
201506,217,埃塞俄比亚,42,湖北省,4386078
201506,217,埃塞俄比亚,43,湖南省,479635
201506,217,埃塞俄比亚,44,广东省,15549781
201506,217,埃塞俄比亚,45,广西壮族自治区,1697308
201506,217,埃塞俄比亚,50,重庆市,613076
201506,217,埃塞俄比亚,51,四川省,1986448
201506,218,加蓬,11,北京市,24601546
201506,218,加蓬,12,天津市,92880902
201506,218,加蓬,21,辽宁省,874801
201506,218,加蓬,23,黑龙江省,3295262
201506,218,加蓬,31,上海市,75644123
201506,218,加蓬,32,江苏省,34542491
201506,218,加蓬,33,浙江省,13024642
201506,218,加蓬,35,福建省,3995630
201506,218,加蓬,44,广东省,17465361
201506,218,加蓬,45,广西壮族自治区,29124740
201506,219,冈比亚,31,上海市,4554177
201506,219,冈比亚,32,江苏省,1492563
201506,219,冈比亚,33,浙江省,11892488
201506,219,冈比亚,35,福建省,777426
201506,219,冈比亚,41,河南省,413694
201506,219,冈比亚,44,广东省,24947611
201506,220,加纳,11,北京市,383701543
201506,220,加纳,12,天津市,172128
201506,220,加纳,31,上海市,10426389
201506,220,加纳,32,江苏省,2013267
201506,220,加纳,33,浙江省,7079884
201506,220,加纳,34,安徽省,1335075
201506,220,加纳,35,福建省,1770783
201506,220,加纳,37,山东省,424366
201506,220,加纳,44,广东省,18510721
201506,220,加纳,46,海南省,413478817
201506,220,加纳,50,重庆市,19076188
201506,220,加纳,61,陕西省,2775477
201506,220,加纳,64,宁夏回族自治区,61413497
201506,221,几内亚,31,上海市,6062
201506,221,几内亚,32,江苏省,1703299
201506,221,几内亚,36,江西省,5624
201506,221,几内亚,44,广东省,23371
201506,222,几内亚比绍,11,北京市,7382754
201506,222,几内亚比绍,31,上海市,335367
201506,222,几内亚比绍,33,浙江省,3008349
201506,222,几内亚比绍,44,广东省,16056785
201506,223,科特迪瓦,11,北京市,24806865
201506,223,科特迪瓦,21,辽宁省,2658878
201506,223,科特迪瓦,22,吉林省,5257
201506,223,科特迪瓦,31,上海市,14304380
201506,223,科特迪瓦,32,江苏省,9887210
201506,223,科特迪瓦,37,山东省,11891987
201506,223,科特迪瓦,44,广东省,558502
201506,224,肯尼亚,11,北京市,1180731
201506,224,肯尼亚,13,河北省,387288
201506,224,肯尼亚,31,上海市,2241616
201506,224,肯尼亚,32,江苏省,1577668
201506,224,肯尼亚,33,浙江省,3787733
201506,224,肯尼亚,34,安徽省,126370
201506,224,肯尼亚,35,福建省,4643537
201506,224,肯尼亚,36,江西省,420319
201506,224,肯尼亚,37,山东省,2813372
201506,224,肯尼亚,41,河南省,12031013
201506,224,肯尼亚,44,广东省,11907291
201506,224,肯尼亚,51,四川省,4621050
201506,224,肯尼亚,53,云南省,21443
201506,225,利比里亚,12,天津市,314414
201506,225,利比里亚,13,河北省,250267
201506,225,利比里亚,31,上海市,759268
201506,225,利比里亚,32,江苏省,1394
201506,225,利比里亚,33,浙江省,20232075
201506,225,利比里亚,35,福建省,48902880
201506,225,利比里亚,44,广东省,483690
201506,225,利比里亚,45,广西壮族自治区,13748767
201506,226,利比亚,11,北京市,364340819
201506,226,利比亚,23,黑龙江省,404323096
201506,226,利比亚,33,浙江省,2235608
201506,226,利比亚,44,广东省,917884
201506,227,马达加斯加,11,北京市,17811937
201506,227,马达加斯加,12,天津市,1568519
201506,227,马达加斯加,13,河北省,70943
201506,227,马达加斯加,23,黑龙江省,705469
201506,227,马达加斯加,31,上海市,5630776
201506,227,马达加斯加,32,江苏省,21706346
201506,227,马达加斯加,33,浙江省,1885416
201506,227,马达加斯加,35,福建省,3526688
201506,227,马达加斯加,36,江西省,706523
201506,227,马达加斯加,37,山东省,1158951
201506,227,马达加斯加,42,湖北省,568296
201506,227,马达加斯加,44,广东省,10837290
201506,227,马达加斯加,50,重庆市,275
201506,228,马拉维,31,上海市,1019795
201506,228,马拉维,33,浙江省,512623
201506,228,马拉维,35,福建省,569521
201506,228,马拉维,44,广东省,6
201506,228,马拉维,51,四川省,2447
201506,229,马里,11,北京市,5598462
201506,229,马里,12,天津市,1316838
201506,229,马里,13,河北省,673232
201506,229,马里,31,上海市,1398954
201506,229,马里,32,江苏省,1646942
201506,229,马里,33,浙江省,933541
201506,229,马里,34,安徽省,22838599
201506,229,马里,37,山东省,30872467
201506,229,马里,41,河南省,492439
201506,229,马里,42,湖北省,1709101
201506,229,马里,44,广东省,536958
201506,229,马里,45,广西壮族自治区,2229974
201506,230,毛里塔尼亚,11,北京市,1781900
201506,230,毛里塔尼亚,12,天津市,9146556
201506,230,毛里塔尼亚,13,河北省,98410829
201506,230,毛里塔尼亚,21,辽宁省,53204974
201506,230,毛里塔尼亚,31,上海市,104322
201506,230,毛里塔尼亚,32,江苏省,52601777
201506,230,毛里塔尼亚,33,浙江省,25821829
201506,230,毛里塔尼亚,35,福建省,49703924
201506,230,毛里塔尼亚,36,江西省,29236810
201506,230,毛里塔尼亚,37,山东省,535636
201506,230,毛里塔尼亚,43,湖南省,44970309
201506,230,毛里塔尼亚,44,广东省,302852
201506,231,毛里求斯,11,北京市,1140833
201506,231,毛里求斯,12,天津市,497851
201506,231,毛里求斯,13,河北省,527229
201506,231,毛里求斯,21,辽宁省,995902
201506,231,毛里求斯,31,上海市,2032148
201506,231,毛里求斯,32,江苏省,176088
201506,231,毛里求斯,33,浙江省,726062
201506,231,毛里求斯,35,福建省,522227
201506,231,毛里求斯,37,山东省,219571
201506,231,毛里求斯,44,广东省,1116220
201506,231,毛里求斯,51,四川省,3404
201506,232,摩洛哥,11,北京市,26030925
201506,232,摩洛哥,12,天津市,3867601
201506,232,摩洛哥,13,河北省,1708030
201506,232,摩洛哥,21,辽宁省,869478
201506,232,摩洛哥,22,吉林省,1783895
201506,232,摩洛哥,23,黑龙江省,576
201506,232,摩洛哥,31,上海市,53311963
201506,232,摩洛哥,32,江苏省,19617989
201506,232,摩洛哥,33,浙江省,13444166
201506,232,摩洛哥,34,安徽省,530806
201506,232,摩洛哥,35,福建省,3732655
201506,232,摩洛哥,37,山东省,10046697
201506,232,摩洛哥,41,河南省,8822
201506,232,摩洛哥,42,湖北省,20148438
201506,232,摩洛哥,43,湖南省,1146
201506,232,摩洛哥,44,广东省,99854420
201506,232,摩洛哥,45,广西壮族自治区,54347
201506,232,摩洛哥,46,海南省,118715
201506,232,摩洛哥,50,重庆市,1607588
201506,232,摩洛哥,51,四川省,2975194
201506,232,摩洛哥,53,云南省,707184
201506,232,摩洛哥,61,陕西省,3529389
201506,232,摩洛哥,63,青海省,1375
201506,233,莫桑比克,11,北京市,71108798
201506,233,莫桑比克,12,天津市,19906905
201506,233,莫桑比克,31,上海市,47070766
201506,233,莫桑比克,32,江苏省,31829796
201506,233,莫桑比克,33,浙江省,3601451
201506,233,莫桑比克,35,福建省,3029836
201506,233,莫桑比克,37,山东省,388702
201506,233,莫桑比克,43,湖南省,3488785
201506,233,莫桑比克,44,广东省,32622958
201506,233,莫桑比克,61,陕西省,920138
201506,234,纳米比亚,11,北京市,17476529
201506,234,纳米比亚,12,天津市,945612
201506,234,纳米比亚,31,上海市,456445
201506,234,纳米比亚,32,江苏省,132581
201506,234,纳米比亚,33,浙江省,1403
201506,234,纳米比亚,35,福建省,7416773
201506,234,纳米比亚,37,山东省,1155395
201506,234,纳米比亚,42,湖北省,1314164
201506,234,纳米比亚,44,广东省,2311302
201506,235,尼日尔,11,北京市,2477282
201506,235,尼日尔,12,天津市,1380358
201506,235,尼日尔,31,上海市,257
201506,235,尼日尔,37,山东省,1686717
201506,235,尼日尔,41,河南省,1722089
201506,235,尼日尔,44,广东省,470
201506,236,尼日利亚,11,北京市,10917300
201506,236,尼日利亚,12,天津市,23320817
201506,236,尼日利亚,13,河北省,17372
201506,236,尼日利亚,21,辽宁省,240503
201506,236,尼日利亚,31,上海市,132493426
201506,236,尼日利亚,32,江苏省,3983949
201506,236,尼日利亚,33,浙江省,98108372
201506,236,尼日利亚,34,安徽省,3284935
201506,236,尼日利亚,35,福建省,11067524
201506,236,尼日利亚,36,江西省,6347488
201506,236,尼日利亚,37,山东省,4311553
201506,236,尼日利亚,41,河南省,845208
201506,236,尼日利亚,43,湖南省,560002
201506,236,尼日利亚,44,广东省,83029246
201506,236,尼日利亚,50,重庆市,654244
201506,236,尼日利亚,51,四川省,1096547
201506,238,卢旺达,31,上海市,26585
201506,238,卢旺达,32,江苏省,1500921
201506,238,卢旺达,35,福建省,3152032
201506,238,卢旺达,36,江西省,1589986
201506,238,卢旺达,43,湖南省,1566384
201506,238,卢旺达,44,广东省,20111765
201506,240,塞内加尔,11,北京市,57712388
201506,240,塞内加尔,12,天津市,18034378
201506,240,塞内加尔,23,黑龙江省,889462
201506,240,塞内加尔,31,上海市,4718649
201506,240,塞内加尔,32,江苏省,589892
201506,240,塞内加尔,33,浙江省,816616
201506,240,塞内加尔,34,安徽省,1664584
201506,240,塞内加尔,35,福建省,579276
201506,240,塞内加尔,37,山东省,34900578
201506,240,塞内加尔,41,河南省,803815
201506,240,塞内加尔,44,广东省,6884954
201506,241,塞舌尔,31,上海市,60572
201506,241,塞舌尔,44,广东省,852
201506,242,塞拉利昂,11,北京市,1343
201506,242,塞拉利昂,21,辽宁省,32914
201506,242,塞拉利昂,31,上海市,2160
201506,242,塞拉利昂,32,江苏省,862837
201506,242,塞拉利昂,33,浙江省,981043
201506,242,塞拉利昂,34,安徽省,10
201506,242,塞拉利昂,36,江西省,5432734
201506,242,塞拉利昂,44,广东省,2689464
201506,242,塞拉利昂,51,四川省,89948
201506,243,索马里,11,北京市,21307574
201506,243,索马里,21,辽宁省,8927
201506,243,索马里,31,上海市,90465
201506,243,索马里,32,江苏省,2789
201506,243,索马里,34,安徽省,1649808
201506,243,索马里,41,河南省,401202
201506,243,索马里,45,广西壮族自治区,738000
201506,244,南非,11,北京市,2139109283
201506,244,南非,12,天津市,414191813
201506,244,南非,13,河北省,228514326
201506,244,南非,14,山西省,93188507
201506,244,南非,15,内蒙古自治区,162943
201506,244,南非,21,辽宁省,32723985
201506,244,南非,22,吉林省,22626957
201506,244,南非,23,黑龙江省,206444
201506,244,南非,31,上海市,1015462159
201506,244,南非,32,江苏省,319385312
201506,244,南非,33,浙江省,501292241
201506,244,南非,34,安徽省,23135356
201506,244,南非,35,福建省,878536739
201506,244,南非,36,江西省,160009378
201506,244,南非,37,山东省,455420663
201506,244,南非,41,河南省,113608851
201506,244,南非,42,湖北省,160347124
201506,244,南非,43,湖南省,187981214
201506,244,南非,44,广东省,5960455188
201506,244,南非,45,广西壮族自治区,172849235
201506,244,南非,46,海南省,1145548
201506,244,南非,50,重庆市,2704940
201506,244,南非,51,四川省,166334058
201506,244,南非,52,贵州省,64441371
201506,244,南非,53,云南省,558127
201506,244,南非,61,陕西省,236257966
201506,244,南非,63,青海省,1655
201506,244,南非,64,宁夏回族自治区,14514208
201506,244,南非,65,新疆维吾尔自治区,153980
201506,246,苏丹,11,北京市,4149740
201506,246,苏丹,12,天津市,91963
201506,246,苏丹,13,河北省,337071
201506,246,苏丹,32,江苏省,7363001
201506,246,苏丹,33,浙江省,3245166
201506,246,苏丹,34,安徽省,9697704
201506,246,苏丹,35,福建省,473563
201506,246,苏丹,37,山东省,15750060
201506,246,苏丹,44,广东省,519219
201506,247,坦桑尼亚,11,北京市,4157719
201506,247,坦桑尼亚,12,天津市,675100
201506,247,坦桑尼亚,13,河北省,1040986
201506,247,坦桑尼亚,31,上海市,886348
201506,247,坦桑尼亚,32,江苏省,8013237
201506,247,坦桑尼亚,33,浙江省,51784902
201506,247,坦桑尼亚,35,福建省,81862306
201506,247,坦桑尼亚,37,山东省,55717145
201506,247,坦桑尼亚,41,河南省,1012563
201506,247,坦桑尼亚,44,广东省,17846662
201506,247,坦桑尼亚,46,海南省,422190
201506,247,坦桑尼亚,53,云南省,76878
201506,248,多哥,11,北京市,22030548
201506,248,多哥,12,天津市,39480013
201506,248,多哥,21,辽宁省,2971648
201506,248,多哥,31,上海市,4075921
201506,248,多哥,32,江苏省,960625
201506,248,多哥,33,浙江省,12756900
201506,248,多哥,34,安徽省,11145199
201506,248,多哥,35,福建省,13257598
201506,248,多哥,37,山东省,12035546
201506,248,多哥,41,河南省,11437323
201506,248,多哥,42,湖北省,2844500
201506,248,多哥,44,广东省,20486344
201506,248,多哥,45,广西壮族自治区,1564888
201506,248,多哥,52,贵州省,20721
201506,249,突尼斯,11,北京市,10831407
201506,249,突尼斯,12,天津市,187649
201506,249,突尼斯,21,辽宁省,695202
201506,249,突尼斯,22,吉林省,963059
201506,249,突尼斯,31,上海市,41581182
201506,249,突尼斯,32,江苏省,5519840
201506,249,突尼斯,33,浙江省,10217223
201506,249,突尼斯,34,安徽省,204738
201506,249,突尼斯,35,福建省,1371722
201506,249,突尼斯,37,山东省,10144008
201506,249,突尼斯,42,湖北省,92189
201506,249,突尼斯,44,广东省,6192745
201506,249,突尼斯,45,广西壮族自治区,1007
201506,249,突尼斯,46,海南省,224563
201506,249,突尼斯,50,重庆市,78654
201506,249,突尼斯,51,四川省,409641
201506,249,突尼斯,61,陕西省,107267
201506,249,突尼斯,65,新疆维吾尔自治区,51407
201506,250,乌干达,11,北京市,5675184
201506,250,乌干达,12,天津市,2232206
201506,250,乌干达,13,河北省,1324261
201506,250,乌干达,31,上海市,9334926
201506,250,乌干达,32,江苏省,8374324
201506,250,乌干达,33,浙江省,2649821
201506,250,乌干达,34,安徽省,9426658
201506,250,乌干达,35,福建省,482484
201506,250,乌干达,37,山东省,7569643
201506,250,乌干达,42,湖北省,233092
201506,250,乌干达,44,广东省,5658376
201506,250,乌干达,53,云南省,229617
201506,251,布基纳法索,32,江苏省,963487
201506,251,布基纳法索,37,山东省,7278054
201506,252,刚果民主共和国,11,北京市,210094314
201506,252,刚果民主共和国,12,天津市,14486096
201506,252,刚果民主共和国,31,上海市,95485041
201506,252,刚果民主共和国,32,江苏省,155270713
201506,252,刚果民主共和国,33,浙江省,218746681
201506,252,刚果民主共和国,34,安徽省,10980194
201506,252,刚果民主共和国,35,福建省,4495650
201506,252,刚果民主共和国,36,江西省,97667112
201506,252,刚果民主共和国,37,山东省,234085772
201506,252,刚果民主共和国,42,湖北省,34490291
201506,252,刚果民主共和国,44,广东省,105006144
201506,252,刚果民主共和国,61,陕西省,54909407
201506,252,刚果民主共和国,62,甘肃省,87141356
201506,253,赞比亚,11,北京市,430033565
201506,253,赞比亚,12,天津市,62495937
201506,253,赞比亚,13,河北省,204517
201506,253,赞比亚,23,黑龙江省,59851
201506,253,赞比亚,31,上海市,150116710
201506,253,赞比亚,32,江苏省,3758032
201506,253,赞比亚,33,浙江省,33196210
201506,253,赞比亚,35,福建省,16453571
201506,253,赞比亚,36,江西省,174606
201506,253,赞比亚,37,山东省,72378340
201506,253,赞比亚,44,广东省,29617866
201506,253,赞比亚,53,云南省,774520
201506,254,津巴布韦,11,北京市,15234662
201506,254,津巴布韦,12,天津市,1103553
201506,254,津巴布韦,14,山西省,9498892
201506,254,津巴布韦,31,上海市,64077
201506,254,津巴布韦,33,浙江省,10863237
201506,254,津巴布韦,35,福建省,34065824
201506,254,津巴布韦,36,江西省,6085
201506,254,津巴布韦,44,广东省,4697943
201506,254,津巴布韦,50,重庆市,861
201506,255,莱索托,31,上海市,2535195
201506,255,莱索托,32,江苏省,1170536
201506,255,莱索托,33,浙江省,61
201506,255,莱索托,37,山东省,28617
201506,255,莱索托,44,广东省,516603
201506,257,斯威士兰,11,北京市,10758
201506,257,斯威士兰,21,辽宁省,4214
201506,257,斯威士兰,31,上海市,4963
201506,257,斯威士兰,32,江苏省,55551
201506,257,斯威士兰,34,安徽省,7260
201506,257,斯威士兰,44,广东省,17847
201506,258,厄立特里亚,51,四川省,9036
201506,260,南苏丹,11,北京市,1019866529
201506,260,南苏丹,21,辽宁省,589983843
201506,260,南苏丹,33,浙江省,122496833
201506,260,南苏丹,37,山东省,196249919
201506,260,南苏丹,44,广东省,91963
201506,299,非洲其他国家(地区),31,上海市,82886
201506,301,比利时,11,北京市,337812140
201506,301,比利时,12,天津市,78533603
201506,301,比利时,13,河北省,47331593
201506,301,比利时,14,山西省,452747
201506,301,比利时,21,辽宁省,24679886
201506,301,比利时,22,吉林省,199659241
201506,301,比利时,23,黑龙江省,25291611
201506,301,比利时,31,上海市,1055804024
201506,301,比利时,32,江苏省,461077856
201506,301,比利时,33,浙江省,439678859
201506,301,比利时,34,安徽省,32888216
201506,301,比利时,35,福建省,127027538
201506,301,比利时,36,江西省,10429107
201506,301,比利时,37,山东省,139607580
201506,301,比利时,41,河南省,55336198
201506,301,比利时,42,湖北省,13162368
201506,301,比利时,43,湖南省,27237716
201506,301,比利时,44,广东省,444633321
201506,301,比利时,45,广西壮族自治区,4179081
201506,301,比利时,46,海南省,2328805
201506,301,比利时,50,重庆市,4457216
201506,301,比利时,51,四川省,13556041
201506,301,比利时,52,贵州省,1226550
201506,301,比利时,54,西藏自治区,14647735
201506,301,比利时,61,陕西省,65280027
201506,301,比利时,63,青海省,679464
201506,301,比利时,64,宁夏回族自治区,78590
201506,302,丹麦,11,北京市,253301178
201506,302,丹麦,12,天津市,468387146
201506,302,丹麦,13,河北省,58816987
201506,302,丹麦,14,山西省,14271678
201506,302,丹麦,15,内蒙古自治区,7615347
201506,302,丹麦,21,辽宁省,59789243
201506,302,丹麦,22,吉林省,5369853
201506,302,丹麦,23,黑龙江省,1747407
201506,302,丹麦,31,上海市,443458757
201506,302,丹麦,32,江苏省,135973667
201506,302,丹麦,33,浙江省,105809045
201506,302,丹麦,34,安徽省,2384931
201506,302,丹麦,35,福建省,59557348
201506,302,丹麦,36,江西省,114712
201506,302,丹麦,37,山东省,51963883
201506,302,丹麦,41,河南省,2313642
201506,302,丹麦,42,湖北省,11398314
201506,302,丹麦,43,湖南省,42668620
201506,302,丹麦,44,广东省,417581304
201506,302,丹麦,45,广西壮族自治区,41815
201506,302,丹麦,46,海南省,139954
201506,302,丹麦,50,重庆市,3930895
201506,302,丹麦,51,四川省,8098132
201506,302,丹麦,53,云南省,262610
201506,302,丹麦,61,陕西省,21790088
201506,302,丹麦,64,宁夏回族自治区,1619760
201506,302,丹麦,65,新疆维吾尔自治区,3225093
201506,303,英国,11,北京市,2828309131
201506,303,英国,12,天津市,1010745881
201506,303,英国,13,河北省,32495201
201506,303,英国,14,山西省,21523030
201506,303,英国,15,内蒙古自治区,42547853
201506,303,英国,21,辽宁省,137527032
201506,303,英国,22,吉林省,19274358
201506,303,英国,23,黑龙江省,27850265
201506,303,英国,31,上海市,4504491139
201506,303,英国,32,江苏省,1154204575
201506,303,英国,33,浙江省,458809043
201506,303,英国,34,安徽省,46872912
201506,303,英国,35,福建省,189199114
201506,303,英国,36,江西省,38657287
201506,303,英国,37,山东省,289953151
201506,303,英国,41,河南省,60393816
201506,303,英国,42,湖北省,49969334
201506,303,英国,43,湖南省,48528119
201506,303,英国,44,广东省,965962980
201506,303,英国,45,广西壮族自治区,28123119
201506,303,英国,46,海南省,14381595
201506,303,英国,50,重庆市,51124545
201506,303,英国,51,四川省,46445735
201506,303,英国,52,贵州省,4667216
201506,303,英国,53,云南省,24676244
201506,303,英国,54,西藏自治区,73671
201506,303,英国,61,陕西省,43490770
201506,303,英国,62,甘肃省,498475
201506,303,英国,63,青海省,293400
201506,303,英国,64,宁夏回族自治区,164985
201506,303,英国,65,新疆维吾尔自治区,3020041
201506,304,德国,11,北京市,11600336755
201506,304,德国,12,天津市,1993106641
201506,304,德国,13,河北省,436534371
201506,304,德国,14,山西省,43699419
201506,304,德国,15,内蒙古自治区,66306071
201506,304,德国,21,辽宁省,2693040547
201506,304,德国,22,吉林省,3510654059
201506,304,德国,23,黑龙江省,59457895
201506,304,德国,31,上海市,11783865668
201506,304,德国,32,江苏省,5232866223
201506,304,德国,33,浙江省,1234752921
201506,304,德国,34,安徽省,261760685
201506,304,德国,35,福建省,534042134
201506,304,德国,36,江西省,159868099
201506,304,德国,37,山东省,1197679879
201506,304,德国,41,河南省,324165681
201506,304,德国,42,湖北省,265945086
201506,304,德国,43,湖南省,317390537
201506,304,德国,44,广东省,4014357426
201506,304,德国,45,广西壮族自治区,62141540
201506,304,德国,46,海南省,32303921
201506,304,德国,50,重庆市,855743081
201506,304,德国,51,四川省,211146771
201506,304,德国,52,贵州省,19931304
201506,304,德国,53,云南省,58899621
201506,304,德国,54,西藏自治区,108662
201506,304,德国,61,陕西省,138036267
201506,304,德国,62,甘肃省,12200071
201506,304,德国,63,青海省,684760
201506,304,德国,64,宁夏回族自治区,32288256
201506,304,德国,65,新疆维吾尔自治区,49889161
201506,305,法国,11,北京市,1127511816
201506,305,法国,12,天津市,2163110282
201506,305,法国,13,河北省,45408112
201506,305,法国,14,山西省,6637193
201506,305,法国,15,内蒙古自治区,41182681
201506,305,法国,21,辽宁省,227710214
201506,305,法国,22,吉林省,68840292
201506,305,法国,23,黑龙江省,48539058
201506,305,法国,31,上海市,3791901802
201506,305,法国,32,江苏省,1025743598
201506,305,法国,33,浙江省,532064930
201506,305,法国,34,安徽省,86572684
201506,305,法国,35,福建省,404627762
201506,305,法国,36,江西省,26202038
201506,305,法国,37,山东省,381110452
201506,305,法国,41,河南省,73270217
201506,305,法国,42,湖北省,323771166
201506,305,法国,43,湖南省,57526554
201506,305,法国,44,广东省,2369633150
201506,305,法国,45,广西壮族自治区,10758658
201506,305,法国,46,海南省,21864601
201506,305,法国,50,重庆市,34139848
201506,305,法国,51,四川省,245340627
201506,305,法国,52,贵州省,4708815
201506,305,法国,53,云南省,3720932
201506,305,法国,54,西藏自治区,109912
201506,305,法国,61,陕西省,62862011
201506,305,法国,62,甘肃省,1845656
201506,305,法国,63,青海省,109414
201506,305,法国,64,宁夏回族自治区,35157124
201506,305,法国,65,新疆维吾尔自治区,1700898
201506,306,爱尔兰,11,北京市,129936058
201506,306,爱尔兰,12,天津市,18647805
201506,306,爱尔兰,13,河北省,5026512
201506,306,爱尔兰,21,辽宁省,108618435
201506,306,爱尔兰,22,吉林省,1806433
201506,306,爱尔兰,31,上海市,1229041793
201506,306,爱尔兰,32,江苏省,119701236
201506,306,爱尔兰,33,浙江省,9217601
201506,306,爱尔兰,34,安徽省,4139569
201506,306,爱尔兰,35,福建省,25991123
201506,306,爱尔兰,36,江西省,218977
201506,306,爱尔兰,37,山东省,26601357
201506,306,爱尔兰,41,河南省,12664867
201506,306,爱尔兰,42,湖北省,1979218
201506,306,爱尔兰,43,湖南省,3442
201506,306,爱尔兰,44,广东省,140400653
201506,306,爱尔兰,45,广西壮族自治区,363081
201506,306,爱尔兰,46,海南省,8653
201506,306,爱尔兰,50,重庆市,4547349
201506,306,爱尔兰,51,四川省,25249134
201506,306,爱尔兰,53,云南省,1136079
201506,306,爱尔兰,61,陕西省,22112708
201506,306,爱尔兰,62,甘肃省,171150
201506,306,爱尔兰,65,新疆维吾尔自治区,1378929
201506,307,意大利,11,北京市,973752244
201506,307,意大利,12,天津市,239767078
201506,307,意大利,13,河北省,76933933
201506,307,意大利,14,山西省,61822983
201506,307,意大利,15,内蒙古自治区,30440389
201506,307,意大利,21,辽宁省,228767463
201506,307,意大利,22,吉林省,115825836
201506,307,意大利,23,黑龙江省,10227522
201506,307,意大利,31,上海市,3001478749
201506,307,意大利,32,江苏省,1027143646
201506,307,意大利,33,浙江省,467881210
201506,307,意大利,34,安徽省,53795162
201506,307,意大利,35,福建省,194935299
201506,307,意大利,36,江西省,5453140
201506,307,意大利,37,山东省,302371455
201506,307,意大利,41,河南省,70103784
201506,307,意大利,42,湖北省,80664040
201506,307,意大利,43,湖南省,47688504
201506,307,意大利,44,广东省,1430433305
201506,307,意大利,45,广西壮族自治区,21422236
201506,307,意大利,46,海南省,68972842
201506,307,意大利,50,重庆市,105253247
201506,307,意大利,51,四川省,73962823
201506,307,意大利,52,贵州省,3756970
201506,307,意大利,53,云南省,12794484
201506,307,意大利,54,西藏自治区,737341
201506,307,意大利,61,陕西省,28002766
201506,307,意大利,62,甘肃省,750908
201506,307,意大利,64,宁夏回族自治区,261294
201506,307,意大利,65,新疆维吾尔自治区,44578583
201506,308,卢森堡,11,北京市,6039971
201506,308,卢森堡,12,天津市,141147
201506,308,卢森堡,13,河北省,5993627
201506,308,卢森堡,14,山西省,136805
201506,308,卢森堡,21,辽宁省,3906882
201506,308,卢森堡,22,吉林省,2480680
201506,308,卢森堡,31,上海市,35512505
201506,308,卢森堡,32,江苏省,25362617
201506,308,卢森堡,33,浙江省,4200522
201506,308,卢森堡,34,安徽省,948915
201506,308,卢森堡,35,福建省,2484124
201506,308,卢森堡,36,江西省,26321
201506,308,卢森堡,37,山东省,12557176
201506,308,卢森堡,41,河南省,679084
201506,308,卢森堡,42,湖北省,3251088
201506,308,卢森堡,43,湖南省,5295
201506,308,卢森堡,44,广东省,25596163
201506,308,卢森堡,45,广西壮族自治区,8384
201506,308,卢森堡,50,重庆市,210815
201506,308,卢森堡,51,四川省,29114
201506,309,荷兰,11,北京市,420376791
201506,309,荷兰,12,天津市,86341072
201506,309,荷兰,13,河北省,106155613
201506,309,荷兰,14,山西省,6803898
201506,309,荷兰,15,内蒙古自治区,1133579
201506,309,荷兰,21,辽宁省,69603484
201506,309,荷兰,22,吉林省,25077235
201506,309,荷兰,23,黑龙江省,4264123
201506,309,荷兰,31,上海市,1264218644
201506,309,荷兰,32,江苏省,620271345
201506,309,荷兰,33,浙江省,504239228
201506,309,荷兰,34,安徽省,17630248
201506,309,荷兰,35,福建省,103145931
201506,309,荷兰,36,江西省,28327153
201506,309,荷兰,37,山东省,249734506
201506,309,荷兰,41,河南省,19636181
201506,309,荷兰,42,湖北省,21365491
201506,309,荷兰,43,湖南省,32825546
201506,309,荷兰,44,广东省,825618566
201506,309,荷兰,45,广西壮族自治区,2657485
201506,309,荷兰,46,海南省,463965
201506,309,荷兰,50,重庆市,27282981
201506,309,荷兰,51,四川省,20785263
201506,309,荷兰,52,贵州省,1714490
201506,309,荷兰,53,云南省,40147037
201506,309,荷兰,61,陕西省,35746796
201506,309,荷兰,62,甘肃省,55333
201506,309,荷兰,64,宁夏回族自治区,600851
201506,309,荷兰,65,新疆维吾尔自治区,253548
201506,310,希腊,11,北京市,5822777
201506,310,希腊,12,天津市,2551305
201506,310,希腊,13,河北省,4870089
201506,310,希腊,21,辽宁省,1958101
201506,310,希腊,22,吉林省,8258
201506,310,希腊,23,黑龙江省,28522
201506,310,希腊,31,上海市,44243353
201506,310,希腊,32,江苏省,20822979
201506,310,希腊,33,浙江省,10408715
201506,310,希腊,34,安徽省,6296776
201506,310,希腊,35,福建省,32073832
201506,310,希腊,37,山东省,1284480
201506,310,希腊,41,河南省,940825
201506,310,希腊,42,湖北省,126777
201506,310,希腊,43,湖南省,299608
201506,310,希腊,44,广东省,26098043
201506,310,希腊,45,广西壮族自治区,10289559
201506,310,希腊,51,四川省,268538
201506,310,希腊,65,新疆维吾尔自治区,119806
201506,311,葡萄牙,11,北京市,26148741
201506,311,葡萄牙,12,天津市,162479480
201506,311,葡萄牙,13,河北省,29531996
201506,311,葡萄牙,21,辽宁省,51660866
201506,311,葡萄牙,22,吉林省,19991074
201506,311,葡萄牙,23,黑龙江省,14444
201506,311,葡萄牙,31,上海市,142271541
201506,311,葡萄牙,32,江苏省,20845359
201506,311,葡萄牙,33,浙江省,23811755
201506,311,葡萄牙,34,安徽省,4110807
201506,311,葡萄牙,35,福建省,35389986
201506,311,葡萄牙,36,江西省,1776
201506,311,葡萄牙,37,山东省,22775134
201506,311,葡萄牙,41,河南省,6559446
201506,311,葡萄牙,42,湖北省,82614678
201506,311,葡萄牙,43,湖南省,2460660
201506,311,葡萄牙,44,广东省,38702842
201506,311,葡萄牙,45,广西壮族自治区,709513
201506,311,葡萄牙,46,海南省,285407
201506,311,葡萄牙,50,重庆市,13183041
201506,311,葡萄牙,51,四川省,10085551
201506,311,葡萄牙,53,云南省,74061380
201506,311,葡萄牙,61,陕西省,1310
201506,311,葡萄牙,64,宁夏回族自治区,17058
201506,311,葡萄牙,65,新疆维吾尔自治区,1242953
201506,312,西班牙,11,北京市,240909653
201506,312,西班牙,12,天津市,130990681
201506,312,西班牙,13,河北省,34267473
201506,312,西班牙,14,山西省,1681633
201506,312,西班牙,15,内蒙古自治区,12190776
201506,312,西班牙,21,辽宁省,161441680
201506,312,西班牙,22,吉林省,48071990
201506,312,西班牙,23,黑龙江省,7866285
201506,312,西班牙,31,上海市,580538936
201506,312,西班牙,32,江苏省,666949484
201506,312,西班牙,33,浙江省,294836046
201506,312,西班牙,34,安徽省,14428833
201506,312,西班牙,35,福建省,113646205
201506,312,西班牙,36,江西省,14912082
201506,312,西班牙,37,山东省,172122259
201506,312,西班牙,41,河南省,16716693
201506,312,西班牙,42,湖北省,71008006
201506,312,西班牙,43,湖南省,24311512
201506,312,西班牙,44,广东省,476928433
201506,312,西班牙,45,广西壮族自治区,2110135
201506,312,西班牙,46,海南省,4342514
201506,312,西班牙,50,重庆市,40531521
201506,312,西班牙,51,四川省,15073809
201506,312,西班牙,52,贵州省,30749
201506,312,西班牙,53,云南省,16862742
201506,312,西班牙,54,西藏自治区,2979953
201506,312,西班牙,61,陕西省,2082436
201506,312,西班牙,62,甘肃省,401319
201506,312,西班牙,65,新疆维吾尔自治区,237094
201506,313,阿尔巴尼亚,11,北京市,6684616
201506,313,阿尔巴尼亚,12,天津市,3874545
201506,313,阿尔巴尼亚,13,河北省,1927349
201506,313,阿尔巴尼亚,14,山西省,4089377
201506,313,阿尔巴尼亚,21,辽宁省,2523056
201506,313,阿尔巴尼亚,31,上海市,6624226
201506,313,阿尔巴尼亚,32,江苏省,7729986
201506,313,阿尔巴尼亚,33,浙江省,1420670
201506,313,阿尔巴尼亚,34,安徽省,10619690
201506,313,阿尔巴尼亚,35,福建省,9455050
201506,313,阿尔巴尼亚,36,江西省,6953299
201506,313,阿尔巴尼亚,42,湖北省,242
201506,313,阿尔巴尼亚,44,广东省,37122
201506,313,阿尔巴尼亚,51,四川省,10237118
201506,313,阿尔巴尼亚,61,陕西省,759327
201506,315,奥地利,11,北京市,586132078
201506,315,奥地利,12,天津市,84983295
201506,315,奥地利,13,河北省,41808132
201506,315,奥地利,14,山西省,5706739
201506,315,奥地利,15,内蒙古自治区,998292
201506,315,奥地利,21,辽宁省,66944887
201506,315,奥地利,22,吉林省,95515725
201506,315,奥地利,23,黑龙江省,5736733
201506,315,奥地利,31,上海市,486452078
201506,315,奥地利,32,江苏省,398368778
201506,315,奥地利,33,浙江省,63636074
201506,315,奥地利,34,安徽省,11408711
201506,315,奥地利,35,福建省,36626934
201506,315,奥地利,36,江西省,2532402
201506,315,奥地利,37,山东省,168523713
201506,315,奥地利,41,河南省,5286522
201506,315,奥地利,42,湖北省,16519924
201506,315,奥地利,43,湖南省,40181596
201506,315,奥地利,44,广东省,337336665
201506,315,奥地利,45,广西壮族自治区,9435610
201506,315,奥地利,46,海南省,196027
201506,315,奥地利,50,重庆市,8728301
201506,315,奥地利,51,四川省,44651885
201506,315,奥地利,53,云南省,52560969
201506,315,奥地利,61,陕西省,5595338
201506,315,奥地利,62,甘肃省,564488
201506,315,奥地利,64,宁夏回族自治区,67710
201506,316,保加利亚,11,北京市,9886570
201506,316,保加利亚,12,天津市,30803625
201506,316,保加利亚,13,河北省,37834
201506,316,保加利亚,15,内蒙古自治区,544816
201506,316,保加利亚,21,辽宁省,61377304
201506,316,保加利亚,22,吉林省,966046
201506,316,保加利亚,23,黑龙江省,87119
201506,316,保加利亚,31,上海市,113756666
201506,316,保加利亚,32,江苏省,11988596
201506,316,保加利亚,33,浙江省,16237042
201506,316,保加利亚,34,安徽省,22744921
201506,316,保加利亚,35,福建省,2609878
201506,316,保加利亚,37,山东省,123944202
201506,316,保加利亚,41,河南省,8841
201506,316,保加利亚,42,湖北省,362960
201506,316,保加利亚,43,湖南省,1034102
201506,316,保加利亚,44,广东省,8168096
201506,316,保加利亚,45,广西壮族自治区,10510
201506,316,保加利亚,46,海南省,179829
201506,316,保加利亚,50,重庆市,747431
201506,316,保加利亚,51,四川省,49996
201506,316,保加利亚,61,陕西省,808488
201506,318,芬兰,11,北京市,370590696
201506,318,芬兰,12,天津市,30728635
201506,318,芬兰,13,河北省,47256726
201506,318,芬兰,14,山西省,307049
201506,318,芬兰,21,辽宁省,18581472
201506,318,芬兰,22,吉林省,602579
201506,318,芬兰,23,黑龙江省,62470
201506,318,芬兰,31,上海市,415340493
201506,318,芬兰,32,江苏省,244808887
201506,318,芬兰,33,浙江省,115310724
201506,318,芬兰,34,安徽省,10050797
201506,318,芬兰,35,福建省,62556737
201506,318,芬兰,36,江西省,1894518
201506,318,芬兰,37,山东省,270464632
201506,318,芬兰,41,河南省,12516115
201506,318,芬兰,42,湖北省,32514423
201506,318,芬兰,43,湖南省,20180582
201506,318,芬兰,44,广东省,216507568
201506,318,芬兰,45,广西壮族自治区,12316361
201506,318,芬兰,46,海南省,6745736
201506,318,芬兰,50,重庆市,11161892
201506,318,芬兰,51,四川省,3272647
201506,318,芬兰,53,云南省,11597
201506,318,芬兰,61,陕西省,3868303
201506,318,芬兰,62,甘肃省,1095003
201506,318,芬兰,63,青海省,500578
201506,318,芬兰,65,新疆维吾尔自治区,9566513
201506,320,直布罗陀,44,广东省,5914
201506,321,匈牙利,11,北京市,271111845
201506,321,匈牙利,12,天津市,35780072
201506,321,匈牙利,13,河北省,11793841
201506,321,匈牙利,14,山西省,11545
201506,321,匈牙利,15,内蒙古自治区,641813
201506,321,匈牙利,21,辽宁省,93080042
201506,321,匈牙利,22,吉林省,328965882
201506,321,匈牙利,23,黑龙江省,2350
201506,321,匈牙利,31,上海市,263481809
201506,321,匈牙利,32,江苏省,151265304
201506,321,匈牙利,33,浙江省,26496296
201506,321,匈牙利,34,安徽省,8492602
201506,321,匈牙利,35,福建省,7322147
201506,321,匈牙利,36,江西省,2278798
201506,321,匈牙利,37,山东省,18973057
201506,321,匈牙利,41,河南省,4741886
201506,321,匈牙利,42,湖北省,7695201
201506,321,匈牙利,43,湖南省,33260879
201506,321,匈牙利,44,广东省,124360078
201506,321,匈牙利,45,广西壮族自治区,1197706
201506,321,匈牙利,46,海南省,231657
201506,321,匈牙利,50,重庆市,7135001
201506,321,匈牙利,51,四川省,17080934
201506,321,匈牙利,61,陕西省,678608
201506,321,匈牙利,64,宁夏回族自治区,426726
201506,322,冰岛,11,北京市,515991
201506,322,冰岛,21,辽宁省,7339758
201506,322,冰岛,31,上海市,385219
201506,322,冰岛,32,江苏省,1092313
201506,322,冰岛,35,福建省,6117448
201506,322,冰岛,37,山东省,13274353
201506,322,冰岛,41,河南省,628072
201506,322,冰岛,44,广东省,4351559
201506,323,列支敦士登,11,北京市,498839
201506,323,列支敦士登,22,吉林省,5561274
201506,323,列支敦士登,31,上海市,20649162
201506,323,列支敦士登,32,江苏省,883414
201506,323,列支敦士登,33,浙江省,4253385
201506,323,列支敦士登,34,安徽省,66731
201506,323,列支敦士登,44,广东省,11315119
201506,323,列支敦士登,51,四川省,51556
201506,323,列支敦士登,61,陕西省,37438
201506,324,马耳他,11,北京市,314934
201506,324,马耳他,12,天津市,5225659
201506,324,马耳他,13,河北省,3509
201506,324,马耳他,21,辽宁省,297615
201506,324,马耳他,22,吉林省,4574824
201506,324,马耳他,31,上海市,44325207
201506,324,马耳他,32,江苏省,33834980
201506,324,马耳他,33,浙江省,1055874
201506,324,马耳他,34,安徽省,885335
201506,324,马耳他,35,福建省,578096
201506,324,马耳他,36,江西省,496040
201506,324,马耳他,37,山东省,2177088
201506,324,马耳他,41,河南省,1011619
201506,324,马耳他,42,湖北省,786013
201506,324,马耳他,43,湖南省,107429
201506,324,马耳他,44,广东省,111456772
201506,324,马耳他,45,广西壮族自治区,9917473
201506,324,马耳他,50,重庆市,3702833
201506,324,马耳他,51,四川省,21145727
201506,324,马耳他,61,陕西省,13896
201506,325,摩纳哥,11,北京市,7945016
201506,325,摩纳哥,12,天津市,198136
201506,325,摩纳哥,21,辽宁省,514
201506,325,摩纳哥,31,上海市,2496952
201506,325,摩纳哥,32,江苏省,879299
201506,325,摩纳哥,37,山东省,23900
201506,325,摩纳哥,42,湖北省,559
201506,325,摩纳哥,44,广东省,326516
201506,326,挪威,11,北京市,233208243
201506,326,挪威,12,天津市,20196213
201506,326,挪威,13,河北省,92052
201506,326,挪威,14,山西省,3011653
201506,326,挪威,15,内蒙古自治区,2599672
201506,326,挪威,21,辽宁省,72837372
201506,326,挪威,22,吉林省,9119615
201506,326,挪威,23,黑龙江省,12870
201506,326,挪威,31,上海市,727515586
201506,326,挪威,32,江苏省,214088835
201506,326,挪威,33,浙江省,56392837
201506,326,挪威,34,安徽省,6372120
201506,326,挪威,35,福建省,140239894
201506,326,挪威,37,山东省,280354633
201506,326,挪威,41,河南省,4914877
201506,326,挪威,42,湖北省,12598523
201506,326,挪威,43,湖南省,111520
201506,326,挪威,44,广东省,161283891
201506,326,挪威,50,重庆市,3134603
201506,326,挪威,51,四川省,10855895
201506,326,挪威,53,云南省,2153398
201506,326,挪威,61,陕西省,21354392
201506,326,挪威,62,甘肃省,1306901
201506,326,挪威,64,宁夏回族自治区,496836
201506,326,挪威,65,新疆维吾尔自治区,3472530
201506,327,波兰,11,北京市,214388272
201506,327,波兰,12,天津市,23108388
201506,327,波兰,13,河北省,5682488
201506,327,波兰,14,山西省,14355
201506,327,波兰,15,内蒙古自治区,3131256
201506,327,波兰,21,辽宁省,99251144
201506,327,波兰,22,吉林省,19835715
201506,327,波兰,23,黑龙江省,5020520
201506,327,波兰,31,上海市,462018926
201506,327,波兰,32,江苏省,115917452
201506,327,波兰,33,浙江省,61703308
201506,327,波兰,34,安徽省,3986975
201506,327,波兰,35,福建省,13461623
201506,327,波兰,36,江西省,2091885
201506,327,波兰,37,山东省,94538623
201506,327,波兰,41,河南省,3302320
201506,327,波兰,42,湖北省,6398583
201506,327,波兰,43,湖南省,18639856
201506,327,波兰,44,广东省,131015397
201506,327,波兰,45,广西壮族自治区,11915066
201506,327,波兰,46,海南省,161859
201506,327,波兰,50,重庆市,9004609
201506,327,波兰,51,四川省,17024709
201506,327,波兰,61,陕西省,924645
201506,327,波兰,64,宁夏回族自治区,7662
201506,327,波兰,65,新疆维吾尔自治区,15678
201506,328,罗马尼亚,11,北京市,85730667
201506,328,罗马尼亚,12,天津市,9273205
201506,328,罗马尼亚,13,河北省,3195802
201506,328,罗马尼亚,14,山西省,278578
201506,328,罗马尼亚,15,内蒙古自治区,60645
201506,328,罗马尼亚,21,辽宁省,45915037
201506,328,罗马尼亚,22,吉林省,58103313
201506,328,罗马尼亚,23,黑龙江省,1421077
201506,328,罗马尼亚,31,上海市,231223581
201506,328,罗马尼亚,32,江苏省,45316113
201506,328,罗马尼亚,33,浙江省,28298327
201506,328,罗马尼亚,34,安徽省,11307737
201506,328,罗马尼亚,35,福建省,8398573
201506,328,罗马尼亚,36,江西省,2404628
201506,328,罗马尼亚,37,山东省,32611817
201506,328,罗马尼亚,41,河南省,38289
201506,328,罗马尼亚,42,湖北省,434641
201506,328,罗马尼亚,43,湖南省,9161750
201506,328,罗马尼亚,44,广东省,54042884
201506,328,罗马尼亚,45,广西壮族自治区,87572
201506,328,罗马尼亚,46,海南省,3456087
201506,328,罗马尼亚,50,重庆市,28926073
201506,328,罗马尼亚,51,四川省,1646851
201506,328,罗马尼亚,61,陕西省,2190362
201506,328,罗马尼亚,64,宁夏回族自治区,5988
201506,328,罗马尼亚,65,新疆维吾尔自治区,85575
201506,329,圣马力诺,31,上海市,10005
201506,329,圣马力诺,33,浙江省,102834
201506,330,瑞典,11,北京市,331987344
201506,330,瑞典,12,天津市,76953116
201506,330,瑞典,13,河北省,98297732
201506,330,瑞典,14,山西省,2075085
201506,330,瑞典,15,内蒙古自治区,87556904
201506,330,瑞典,21,辽宁省,60938624
201506,330,瑞典,22,吉林省,26077625
201506,330,瑞典,23,黑龙江省,7031184
201506,330,瑞典,31,上海市,1031097511
201506,330,瑞典,32,江苏省,1053929129
201506,330,瑞典,33,浙江省,90567820
201506,330,瑞典,34,安徽省,167546262
201506,330,瑞典,35,福建省,45892030
201506,330,瑞典,36,江西省,2720008
201506,330,瑞典,37,山东省,112723495
201506,330,瑞典,41,河南省,66975101
201506,330,瑞典,42,湖北省,21639034
201506,330,瑞典,43,湖南省,1794952
201506,330,瑞典,44,广东省,245424796
201506,330,瑞典,45,广西壮族自治区,20846135
201506,330,瑞典,46,海南省,414166
201506,330,瑞典,50,重庆市,17483644
201506,330,瑞典,51,四川省,91615258
201506,330,瑞典,52,贵州省,63240
201506,330,瑞典,53,云南省,7609306
201506,330,瑞典,61,陕西省,16742125
201506,330,瑞典,64,宁夏回族自治区,220769
201506,330,瑞典,65,新疆维吾尔自治区,4355523
201506,331,瑞士,11,北京市,7105191685
201506,331,瑞士,12,天津市,56881618
201506,331,瑞士,13,河北省,10109435
201506,331,瑞士,14,山西省,1355244
201506,331,瑞士,15,内蒙古自治区,3086632
201506,331,瑞士,21,辽宁省,56608623
201506,331,瑞士,22,吉林省,64364298
201506,331,瑞士,23,黑龙江省,11985087
201506,331,瑞士,31,上海市,5483322354
201506,331,瑞士,32,江苏省,562394474
201506,331,瑞士,33,浙江省,128686388
201506,331,瑞士,34,安徽省,4728558
201506,331,瑞士,35,福建省,89555880
201506,331,瑞士,36,江西省,12127208
201506,331,瑞士,37,山东省,101933612
201506,331,瑞士,41,河南省,11687405
201506,331,瑞士,42,湖北省,15466439
201506,331,瑞士,43,湖南省,21200384
201506,331,瑞士,44,广东省,1309121973
201506,331,瑞士,45,广西壮族自治区,1777740
201506,331,瑞士,46,海南省,9874717
201506,331,瑞士,50,重庆市,67168557
201506,331,瑞士,51,四川省,26131495
201506,331,瑞士,52,贵州省,41535796
201506,331,瑞士,53,云南省,5915670
201506,331,瑞士,54,西藏自治区,1199251
201506,331,瑞士,61,陕西省,80855087
201506,331,瑞士,62,甘肃省,506557
201506,331,瑞士,65,新疆维吾尔自治区,3422461
201506,334,爱沙尼亚,11,北京市,19725638
201506,334,爱沙尼亚,12,天津市,1936255
201506,334,爱沙尼亚,13,河北省,945063
201506,334,爱沙尼亚,21,辽宁省,2332078
201506,334,爱沙尼亚,22,吉林省,379631
201506,334,爱沙尼亚,23,黑龙江省,2312
201506,334,爱沙尼亚,31,上海市,15401874
201506,334,爱沙尼亚,32,江苏省,10836631
201506,334,爱沙尼亚,33,浙江省,9034924
201506,334,爱沙尼亚,34,安徽省,12620
201506,334,爱沙尼亚,35,福建省,3962085
201506,334,爱沙尼亚,37,山东省,7131751
201506,334,爱沙尼亚,42,湖北省,64958
201506,334,爱沙尼亚,44,广东省,7071004
201506,334,爱沙尼亚,50,重庆市,95615
201506,334,爱沙尼亚,51,四川省,2122628
201506,334,爱沙尼亚,53,云南省,62928
201506,335,拉脱维亚,11,北京市,6718861
201506,335,拉脱维亚,12,天津市,4014097
201506,335,拉脱维亚,21,辽宁省,737376
201506,335,拉脱维亚,23,黑龙江省,1363409
201506,335,拉脱维亚,31,上海市,7628879
201506,335,拉脱维亚,32,江苏省,8256122
201506,335,拉脱维亚,33,浙江省,5964331
201506,335,拉脱维亚,35,福建省,4385793
201506,335,拉脱维亚,37,山东省,21560401
201506,335,拉脱维亚,42,湖北省,198160
201506,335,拉脱维亚,44,广东省,2997298
201506,335,拉脱维亚,53,云南省,1355210
201506,336,立陶宛,11,北京市,1567634
201506,336,立陶宛,12,天津市,1038684
201506,336,立陶宛,14,山西省,21152
201506,336,立陶宛,21,辽宁省,430217
201506,336,立陶宛,22,吉林省,166051
201506,336,立陶宛,31,上海市,37381533
201506,336,立陶宛,32,江苏省,2069080
201506,336,立陶宛,33,浙江省,9893169
201506,336,立陶宛,34,安徽省,66370
201506,336,立陶宛,35,福建省,1220237
201506,336,立陶宛,37,山东省,1538787
201506,336,立陶宛,42,湖北省,270932
201506,336,立陶宛,44,广东省,9198449
201506,336,立陶宛,50,重庆市,8922
201506,336,立陶宛,51,四川省,3641067
201506,336,立陶宛,61,陕西省,1412046
201506,336,立陶宛,65,新疆维吾尔自治区,548440
201506,337,格鲁吉亚(2023年起停用),11,北京市,1390808
201506,337,格鲁吉亚(2023年起停用),12,天津市,384797
201506,337,格鲁吉亚(2023年起停用),21,辽宁省,139645
201506,337,格鲁吉亚(2023年起停用),31,上海市,3976275
201506,337,格鲁吉亚(2023年起停用),32,江苏省,2989
201506,337,格鲁吉亚(2023年起停用),33,浙江省,3605734
201506,337,格鲁吉亚(2023年起停用),37,山东省,7524423
201506,337,格鲁吉亚(2023年起停用),44,广东省,10213
201506,337,格鲁吉亚(2023年起停用),46,海南省,157810
201506,337,格鲁吉亚(2023年起停用),50,重庆市,363540
201506,337,格鲁吉亚(2023年起停用),65,新疆维吾尔自治区,195619
201506,338,亚美尼亚(2023年起停用),11,北京市,16026
201506,338,亚美尼亚(2023年起停用),15,内蒙古自治区,34059487
201506,338,亚美尼亚(2023年起停用),22,吉林省,13203
201506,338,亚美尼亚(2023年起停用),31,上海市,5655345
201506,338,亚美尼亚(2023年起停用),32,江苏省,2162243
201506,338,亚美尼亚(2023年起停用),33,浙江省,3715
201506,338,亚美尼亚(2023年起停用),36,江西省,40747761
201506,338,亚美尼亚(2023年起停用),37,山东省,20071268
201506,338,亚美尼亚(2023年起停用),44,广东省,1048221
201506,338,亚美尼亚(2023年起停用),46,海南省,265740
201506,338,亚美尼亚(2023年起停用),50,重庆市,15844
201506,338,亚美尼亚(2023年起停用),51,四川省,1180
201506,339,阿塞拜疆(2023年起停用),11,北京市,8929980
201506,339,阿塞拜疆(2023年起停用),12,天津市,1435399
201506,339,阿塞拜疆(2023年起停用),14,山西省,4138315
201506,339,阿塞拜疆(2023年起停用),23,黑龙江省,7414617
201506,339,阿塞拜疆(2023年起停用),31,上海市,5174549
201506,339,阿塞拜疆(2023年起停用),33,浙江省,3135225
201506,339,阿塞拜疆(2023年起停用),44,广东省,878978
201506,339,阿塞拜疆(2023年起停用),65,新疆维吾尔自治区,2342176
201506,340,白俄罗斯,11,北京市,221649201
201506,340,白俄罗斯,12,天津市,2809748
201506,340,白俄罗斯,13,河北省,861744
201506,340,白俄罗斯,21,辽宁省,4257515
201506,340,白俄罗斯,22,吉林省,204054
201506,340,白俄罗斯,23,黑龙江省,403672
201506,340,白俄罗斯,31,上海市,2799575
201506,340,白俄罗斯,32,江苏省,41424207
201506,340,白俄罗斯,33,浙江省,12527537
201506,340,白俄罗斯,35,福建省,7291748
201506,340,白俄罗斯,36,江西省,25273
201506,340,白俄罗斯,37,山东省,1655005
201506,340,白俄罗斯,43,湖南省,1979823
201506,340,白俄罗斯,44,广东省,40505672
201506,340,白俄罗斯,46,海南省,13142
201506,340,白俄罗斯,50,重庆市,1294150
201506,340,白俄罗斯,51,四川省,28118
201506,340,白俄罗斯,65,新疆维吾尔自治区,2670060
201506,343,摩尔多瓦,11,北京市,1065788
201506,343,摩尔多瓦,12,天津市,13238
201506,343,摩尔多瓦,21,辽宁省,91183
201506,343,摩尔多瓦,23,黑龙江省,482279
201506,343,摩尔多瓦,31,上海市,7686328
201506,343,摩尔多瓦,32,江苏省,898546
201506,343,摩尔多瓦,33,浙江省,22963
201506,343,摩尔多瓦,34,安徽省,122745
201506,343,摩尔多瓦,35,福建省,19331
201506,343,摩尔多瓦,37,山东省,109439
201506,343,摩尔多瓦,44,广东省,826965
201506,343,摩尔多瓦,46,海南省,634888
201506,343,摩尔多瓦,51,四川省,213
201506,344,俄罗斯,11,北京市,7256598181
201506,344,俄罗斯,12,天津市,30769128
201506,344,俄罗斯,13,河北省,72702631
201506,344,俄罗斯,14,山西省,423762
201506,344,俄罗斯,15,内蒙古自治区,897012177
201506,344,俄罗斯,21,辽宁省,1183567617
201506,344,俄罗斯,22,吉林省,111023753
201506,344,俄罗斯,23,黑龙江省,4726711918
201506,344,俄罗斯,31,上海市,2112745896
201506,344,俄罗斯,32,江苏省,432474989
201506,344,俄罗斯,33,浙江省,664371723
201506,344,俄罗斯,34,安徽省,51698950
201506,344,俄罗斯,35,福建省,165816562
201506,344,俄罗斯,36,江西省,414445
201506,344,俄罗斯,37,山东省,834923412
201506,344,俄罗斯,41,河南省,75664161
201506,344,俄罗斯,42,湖北省,10147378
201506,344,俄罗斯,43,湖南省,13354317
201506,344,俄罗斯,44,广东省,310346867
201506,344,俄罗斯,45,广西壮族自治区,10198923
201506,344,俄罗斯,46,海南省,319568406
201506,344,俄罗斯,50,重庆市,12450605
201506,344,俄罗斯,51,四川省,1235203
201506,344,俄罗斯,52,贵州省,5242641
201506,344,俄罗斯,53,云南省,130198
201506,344,俄罗斯,61,陕西省,3789142
201506,344,俄罗斯,62,甘肃省,11662822
201506,344,俄罗斯,64,宁夏回族自治区,9971404
201506,344,俄罗斯,65,新疆维吾尔自治区,93032620
201506,347,乌克兰,11,北京市,476201256
201506,347,乌克兰,12,天津市,256624610
201506,347,乌克兰,13,河北省,146136376
201506,347,乌克兰,14,山西省,31418949
201506,347,乌克兰,15,内蒙古自治区,85997105
201506,347,乌克兰,21,辽宁省,8983667
201506,347,乌克兰,22,吉林省,70398555
201506,347,乌克兰,23,黑龙江省,1849318
201506,347,乌克兰,31,上海市,104176971
201506,347,乌克兰,32,江苏省,340318177
201506,347,乌克兰,33,浙江省,99781281
201506,347,乌克兰,34,安徽省,67475920
201506,347,乌克兰,35,福建省,479135731
201506,347,乌克兰,36,江西省,105150
201506,347,乌克兰,37,山东省,177812860
201506,347,乌克兰,41,河南省,1802
201506,347,乌克兰,42,湖北省,26092
201506,347,乌克兰,44,广东省,152204899
201506,347,乌克兰,45,广西壮族自治区,235762
201506,347,乌克兰,50,重庆市,7121953
201506,347,乌克兰,61,陕西省,4559608
201506,350,斯洛文尼亚,11,北京市,13816697
201506,350,斯洛文尼亚,12,天津市,12897324
201506,350,斯洛文尼亚,13,河北省,4825720
201506,350,斯洛文尼亚,21,辽宁省,6136207
201506,350,斯洛文尼亚,22,吉林省,7068333
201506,350,斯洛文尼亚,23,黑龙江省,400636
201506,350,斯洛文尼亚,31,上海市,23464583
201506,350,斯洛文尼亚,32,江苏省,19333646
201506,350,斯洛文尼亚,33,浙江省,7642010
201506,350,斯洛文尼亚,34,安徽省,4573109
201506,350,斯洛文尼亚,35,福建省,8541752
201506,350,斯洛文尼亚,36,江西省,8066
201506,350,斯洛文尼亚,37,山东省,11366254
201506,350,斯洛文尼亚,41,河南省,63912
201506,350,斯洛文尼亚,42,湖北省,1900355
201506,350,斯洛文尼亚,43,湖南省,5195634
201506,350,斯洛文尼亚,44,广东省,17030322
201506,350,斯洛文尼亚,50,重庆市,171553
201506,350,斯洛文尼亚,51,四川省,856677
201506,350,斯洛文尼亚,61,陕西省,189401
201506,351,克罗地亚,11,北京市,1991569
201506,351,克罗地亚,12,天津市,376401
201506,351,克罗地亚,21,辽宁省,842944
201506,351,克罗地亚,22,吉林省,661673
201506,351,克罗地亚,31,上海市,13664913
201506,351,克罗地亚,32,江苏省,5135878
201506,351,克罗地亚,33,浙江省,2376680
201506,351,克罗地亚,34,安徽省,55751
201506,351,克罗地亚,35,福建省,2910965
201506,351,克罗地亚,36,江西省,11106
201506,351,克罗地亚,37,山东省,6817244
201506,351,克罗地亚,44,广东省,10091873
201506,351,克罗地亚,45,广西壮族自治区,69793
201506,351,克罗地亚,46,海南省,5070286
201506,351,克罗地亚,50,重庆市,10648
201506,351,克罗地亚,51,四川省,17166
201506,352,捷克,11,北京市,144084152
201506,352,捷克,12,天津市,47284547
201506,352,捷克,13,河北省,19528122
201506,352,捷克,14,山西省,4536042
201506,352,捷克,15,内蒙古自治区,270765
201506,352,捷克,21,辽宁省,64551652
201506,352,捷克,22,吉林省,147105577
201506,352,捷克,23,黑龙江省,113107
201506,352,捷克,31,上海市,301884103
201506,352,捷克,32,江苏省,299281014
201506,352,捷克,33,浙江省,54952746
201506,352,捷克,34,安徽省,13238662
201506,352,捷克,35,福建省,37539645
201506,352,捷克,36,江西省,790835
201506,352,捷克,37,山东省,28632285
201506,352,捷克,41,河南省,450075
201506,352,捷克,42,湖北省,13999939
201506,352,捷克,43,湖南省,10937844
201506,352,捷克,44,广东省,100620470
201506,352,捷克,45,广西壮族自治区,947903
201506,352,捷克,46,海南省,11578
201506,352,捷克,50,重庆市,31696924
201506,352,捷克,51,四川省,14704727
201506,352,捷克,52,贵州省,19463
201506,352,捷克,53,云南省,3682390
201506,352,捷克,61,陕西省,4428709
201506,352,捷克,64,宁夏回族自治区,7962
201506,352,捷克,65,新疆维吾尔自治区,1358110
201506,353,斯洛伐克,11,北京市,35051852
201506,353,斯洛伐克,12,天津市,343409703
201506,353,斯洛伐克,13,河北省,6840742
201506,353,斯洛伐克,14,山西省,51793
201506,353,斯洛伐克,21,辽宁省,58735712
201506,353,斯洛伐克,22,吉林省,578821260
201506,353,斯洛伐克,23,黑龙江省,70357
201506,353,斯洛伐克,31,上海市,142067274
201506,353,斯洛伐克,32,江苏省,51071041
201506,353,斯洛伐克,33,浙江省,6789895
201506,353,斯洛伐克,34,安徽省,9712428
201506,353,斯洛伐克,35,福建省,5466165
201506,353,斯洛伐克,36,江西省,1681235
201506,353,斯洛伐克,37,山东省,5149827
201506,353,斯洛伐克,41,河南省,617119
201506,353,斯洛伐克,42,湖北省,783031
201506,353,斯洛伐克,43,湖南省,109893
201506,353,斯洛伐克,44,广东省,54740724
201506,353,斯洛伐克,45,广西壮族自治区,902935
201506,353,斯洛伐克,46,海南省,3984289
201506,353,斯洛伐克,50,重庆市,1734345
201506,353,斯洛伐克,51,四川省,1172165
201506,353,斯洛伐克,61,陕西省,529701
201506,354,北马其顿,11,北京市,39573
201506,354,北马其顿,12,天津市,4683
201506,354,北马其顿,13,河北省,45689
201506,354,北马其顿,14,山西省,60886515
201506,354,北马其顿,31,上海市,3581443
201506,354,北马其顿,32,江苏省,186017
201506,354,北马其顿,34,安徽省,303482
201506,354,北马其顿,35,福建省,10122
201506,354,北马其顿,37,山东省,476270
201506,354,北马其顿,42,湖北省,14010
201506,354,北马其顿,44,广东省,912542
201506,354,北马其顿,50,重庆市,1143
201506,355,波斯尼亚和黑塞哥维那,11,北京市,429404
201506,355,波斯尼亚和黑塞哥维那,12,天津市,247878
201506,355,波斯尼亚和黑塞哥维那,13,河北省,709
201506,355,波斯尼亚和黑塞哥维那,21,辽宁省,355355
201506,355,波斯尼亚和黑塞哥维那,31,上海市,7196756
201506,355,波斯尼亚和黑塞哥维那,32,江苏省,2694775
201506,355,波斯尼亚和黑塞哥维那,33,浙江省,2580194
201506,355,波斯尼亚和黑塞哥维那,34,安徽省,172368
201506,355,波斯尼亚和黑塞哥维那,35,福建省,1323041
201506,355,波斯尼亚和黑塞哥维那,41,河南省,360
201506,355,波斯尼亚和黑塞哥维那,42,湖北省,6717
201506,355,波斯尼亚和黑塞哥维那,44,广东省,1196667
201506,356,梵蒂冈,31,上海市,321
201506,357,法罗群岛,11,北京市,7472076
201506,357,法罗群岛,21,辽宁省,6159415
201506,357,法罗群岛,31,上海市,19808658
201506,357,法罗群岛,33,浙江省,704818
201506,357,法罗群岛,37,山东省,14030206
201506,357,法罗群岛,44,广东省,54002912
201506,357,法罗群岛,51,四川省,3359495
201506,358,塞尔维亚,11,北京市,19982094
201506,358,塞尔维亚,12,天津市,118690
201506,358,塞尔维亚,21,辽宁省,169115
201506,358,塞尔维亚,22,吉林省,888891
201506,358,塞尔维亚,31,上海市,18803892
201506,358,塞尔维亚,32,江苏省,3536138
201506,358,塞尔维亚,33,浙江省,3417132
201506,358,塞尔维亚,35,福建省,3107163
201506,358,塞尔维亚,37,山东省,645475
201506,358,塞尔维亚,42,湖北省,28639
201506,358,塞尔维亚,43,湖南省,33394
201506,358,塞尔维亚,44,广东省,7415747
201506,358,塞尔维亚,45,广西壮族自治区,3084
201506,358,塞尔维亚,46,海南省,41859
201506,359,黑山,31,上海市,28594
201506,359,黑山,32,江苏省,4231505
201506,359,黑山,33,浙江省,117531
201506,359,黑山,41,河南省,1208853
201506,359,黑山,44,广东省,2537
201506,401,安提瓜和巴布达,31,上海市,1379
201506,402,阿根廷,11,北京市,1932455381
201506,402,阿根廷,12,天津市,182369649
201506,402,阿根廷,13,河北省,3599010
201506,402,阿根廷,14,山西省,848508
201506,402,阿根廷,21,辽宁省,173936206
201506,402,阿根廷,22,吉林省,8777
201506,402,阿根廷,23,黑龙江省,2587213
201506,402,阿根廷,31,上海市,298459767
201506,402,阿根廷,32,江苏省,320968663
201506,402,阿根廷,33,浙江省,197618550
201506,402,阿根廷,34,安徽省,4305278
201506,402,阿根廷,35,福建省,38939901
201506,402,阿根廷,36,江西省,7058455
201506,402,阿根廷,37,山东省,556912517
201506,402,阿根廷,41,河南省,100372595
201506,402,阿根廷,42,湖北省,28999736
201506,402,阿根廷,43,湖南省,72831
201506,402,阿根廷,44,广东省,228294641
201506,402,阿根廷,45,广西壮族自治区,208521874
201506,402,阿根廷,50,重庆市,605832
201506,402,阿根廷,51,四川省,5312347
201506,402,阿根廷,61,陕西省,535850
201506,403,阿鲁巴,31,上海市,16780
201506,404,巴哈马,12,天津市,17498376
201506,404,巴哈马,32,江苏省,1368
201506,404,巴哈马,44,广东省,288778
201506,405,巴巴多斯,11,北京市,16878
201506,405,巴巴多斯,31,上海市,75015
201506,405,巴巴多斯,32,江苏省,109525
201506,405,巴巴多斯,33,浙江省,517753
201506,405,巴巴多斯,34,安徽省,89916
201506,405,巴巴多斯,35,福建省,30315
201506,405,巴巴多斯,44,广东省,9718271
201506,406,伯利兹,31,上海市,84639
201506,406,伯利兹,32,江苏省,24302
201506,406,伯利兹,44,广东省,949192
201506,408,玻利维亚,11,北京市,238714742
201506,408,玻利维亚,12,天津市,7056241
201506,408,玻利维亚,13,河北省,661995
201506,408,玻利维亚,31,上海市,29359971
201506,408,玻利维亚,32,江苏省,1129388
201506,408,玻利维亚,33,浙江省,20364104
201506,408,玻利维亚,35,福建省,69569
201506,408,玻利维亚,37,山东省,1814482
201506,408,玻利维亚,41,河南省,3616959
201506,408,玻利维亚,43,湖南省,20273358
201506,408,玻利维亚,44,广东省,3000070
201506,408,玻利维亚,45,广西壮族自治区,92233222
201506,408,玻利维亚,63,青海省,3679
201506,410,巴西,11,北京市,6348254557
201506,410,巴西,12,天津市,1187012427
201506,410,巴西,13,河北省,1844046556
201506,410,巴西,14,山西省,107821849
201506,410,巴西,15,内蒙古自治区,35878823
201506,410,巴西,21,辽宁省,1677805962
201506,410,巴西,22,吉林省,202224925
201506,410,巴西,23,黑龙江省,648431356
201506,410,巴西,31,上海市,2094465620
201506,410,巴西,32,江苏省,3685694851
201506,410,巴西,33,浙江省,1693789427
201506,410,巴西,34,安徽省,410103157
201506,410,巴西,35,福建省,1395093178
201506,410,巴西,36,江西省,162223545
201506,410,巴西,37,山东省,4729046591
201506,410,巴西,41,河南省,1055310163
201506,410,巴西,42,湖北省,129820419
201506,410,巴西,43,湖南省,131522431
201506,410,巴西,44,广东省,1864443210
201506,410,巴西,45,广西壮族自治区,1574293873
201506,410,巴西,46,海南省,18306250
201506,410,巴西,50,重庆市,475963719
201506,410,巴西,51,四川省,149306929
201506,410,巴西,52,贵州省,26320926
201506,410,巴西,53,云南省,36757089
201506,410,巴西,61,陕西省,164805905
201506,410,巴西,62,甘肃省,766008
201506,410,巴西,65,新疆维吾尔自治区,17014022
201506,411,开曼群岛,44,广东省,613
201506,412,智利,11,北京市,434454906
201506,412,智利,12,天津市,60982380
201506,412,智利,13,河北省,150176887
201506,412,智利,21,辽宁省,184858012
201506,412,智利,22,吉林省,63682
201506,412,智利,23,黑龙江省,2008609
201506,412,智利,31,上海市,2069100110
201506,412,智利,32,江苏省,304122604
201506,412,智利,33,浙江省,537622743
201506,412,智利,34,安徽省,762701511
201506,412,智利,35,福建省,117666817
201506,412,智利,36,江西省,671471107
201506,412,智利,37,山东省,1031957610
201506,412,智利,41,河南省,20783712
201506,412,智利,42,湖北省,107210930
201506,412,智利,43,湖南省,68709698
201506,412,智利,44,广东省,811858468
201506,412,智利,45,广西壮族自治区,607000349
201506,412,智利,51,四川省,31703324
201506,412,智利,53,云南省,151862445
201506,412,智利,61,陕西省,112352849
201506,412,智利,62,甘肃省,430
201506,413,哥伦比亚,11,北京市,1263445296
201506,413,哥伦比亚,12,天津市,6533025
201506,413,哥伦比亚,31,上海市,24901552
201506,413,哥伦比亚,32,江苏省,9045465
201506,413,哥伦比亚,33,浙江省,50677072
201506,413,哥伦比亚,34,安徽省,1768801
201506,413,哥伦比亚,35,福建省,59106445
201506,413,哥伦比亚,37,山东省,37183140
201506,413,哥伦比亚,44,广东省,13589899
201506,413,哥伦比亚,51,四川省,21446211
201506,413,哥伦比亚,61,陕西省,7670
201506,413,哥伦比亚,62,甘肃省,29256981
201506,414,多米尼克,31,上海市,18173
201506,414,多米尼克,32,江苏省,6000
201506,414,多米尼克,33,浙江省,485554
201506,414,多米尼克,35,福建省,70049
201506,415,哥斯达黎加,11,北京市,16287303
201506,415,哥斯达黎加,12,天津市,21997416
201506,415,哥斯达黎加,13,河北省,1006729
201506,415,哥斯达黎加,14,山西省,1943775
201506,415,哥斯达黎加,21,辽宁省,712129
201506,415,哥斯达黎加,31,上海市,141598227
201506,415,哥斯达黎加,32,江苏省,22336360
201506,415,哥斯达黎加,33,浙江省,7627672
201506,415,哥斯达黎加,35,福建省,6382914
201506,415,哥斯达黎加,36,江西省,28202
201506,415,哥斯达黎加,37,山东省,11559893
201506,415,哥斯达黎加,41,河南省,78316749
201506,415,哥斯达黎加,42,湖北省,90954
201506,415,哥斯达黎加,43,湖南省,4281
201506,415,哥斯达黎加,44,广东省,187710943
201506,415,哥斯达黎加,45,广西壮族自治区,105309
201506,415,哥斯达黎加,50,重庆市,165773
201506,415,哥斯达黎加,51,四川省,6824484
201506,415,哥斯达黎加,53,云南省,2239
201506,416,古巴,11,北京市,139162836
201506,416,古巴,12,天津市,23910
201506,416,古巴,31,上海市,1024624
201506,416,古巴,33,浙江省,3267156
201506,416,古巴,44,广东省,1133312
201506,416,古巴,62,甘肃省,10306663
201506,418,多米尼加,11,北京市,8793324
201506,418,多米尼加,12,天津市,97413
201506,418,多米尼加,21,辽宁省,28706
201506,418,多米尼加,23,黑龙江省,46163
201506,418,多米尼加,31,上海市,22306349
201506,418,多米尼加,32,江苏省,1771883
201506,418,多米尼加,33,浙江省,3198709
201506,418,多米尼加,34,安徽省,2647
201506,418,多米尼加,35,福建省,2785409
201506,418,多米尼加,37,山东省,55294000
201506,418,多米尼加,41,河南省,230023
201506,418,多米尼加,44,广东省,8601462
201506,418,多米尼加,46,海南省,53538
201506,418,多米尼加,50,重庆市,600
201506,418,多米尼加,51,四川省,1561
201506,419,厄瓜多尔,11,北京市,556272242
201506,419,厄瓜多尔,12,天津市,32425463
201506,419,厄瓜多尔,13,河北省,1454534
201506,419,厄瓜多尔,21,辽宁省,106317632
201506,419,厄瓜多尔,22,吉林省,8730
201506,419,厄瓜多尔,31,上海市,36906046
201506,419,厄瓜多尔,32,江苏省,22701355
201506,419,厄瓜多尔,33,浙江省,3900841
201506,419,厄瓜多尔,34,安徽省,1889784
201506,419,厄瓜多尔,35,福建省,12371519
201506,419,厄瓜多尔,36,江西省,469275
201506,419,厄瓜多尔,37,山东省,22445604
201506,419,厄瓜多尔,41,河南省,1808366
201506,419,厄瓜多尔,43,湖南省,12445842
201506,419,厄瓜多尔,44,广东省,38971751
201506,419,厄瓜多尔,53,云南省,44868
201506,420,法属圭亚那,32,江苏省,10758
201506,422,瓜德罗普,31,上海市,1450
201506,423,危地马拉,11,北京市,8678833
201506,423,危地马拉,12,天津市,9544596
201506,423,危地马拉,21,辽宁省,2747735
201506,423,危地马拉,31,上海市,5647014
201506,423,危地马拉,32,江苏省,292164
201506,423,危地马拉,33,浙江省,4220705
201506,423,危地马拉,34,安徽省,514307
201506,423,危地马拉,35,福建省,3814348
201506,423,危地马拉,37,山东省,1254233
201506,423,危地马拉,44,广东省,10275612
201506,424,圭亚那,12,天津市,144688
201506,424,圭亚那,23,黑龙江省,5035723
201506,424,圭亚那,31,上海市,242547
201506,424,圭亚那,32,江苏省,814269
201506,424,圭亚那,33,浙江省,1742557
201506,424,圭亚那,35,福建省,3293946
201506,424,圭亚那,37,山东省,3263360
201506,424,圭亚那,44,广东省,17664424
201506,424,圭亚那,46,海南省,632153
201506,425,海地,11,北京市,6109
201506,425,海地,31,上海市,325198
201506,425,海地,32,江苏省,419763
201506,425,海地,33,浙江省,1047090
201506,425,海地,37,山东省,853196
201506,425,海地,44,广东省,521038
201506,425,海地,50,重庆市,3975
201506,426,洪都拉斯,11,北京市,56176
201506,426,洪都拉斯,21,辽宁省,4234
201506,426,洪都拉斯,31,上海市,2893804
201506,426,洪都拉斯,32,江苏省,2118841
201506,426,洪都拉斯,33,浙江省,1049507
201506,426,洪都拉斯,35,福建省,36008
201506,426,洪都拉斯,37,山东省,3777241
201506,426,洪都拉斯,41,河南省,37011
201506,426,洪都拉斯,42,湖北省,6840
201506,426,洪都拉斯,44,广东省,1480695
201506,426,洪都拉斯,50,重庆市,16810
201506,426,洪都拉斯,65,新疆维吾尔自治区,243049
201506,427,牙买加,11,北京市,404189
201506,427,牙买加,12,天津市,24450
201506,427,牙买加,31,上海市,64725
201506,427,牙买加,32,江苏省,72675
201506,427,牙买加,33,浙江省,1130209
201506,427,牙买加,44,广东省,63436
201506,428,马提尼克,44,广东省,22567
201506,429,墨西哥,11,北京市,471368305
201506,429,墨西哥,12,天津市,126276463
201506,429,墨西哥,13,河北省,5963672
201506,429,墨西哥,14,山西省,1527920
201506,429,墨西哥,21,辽宁省,37808355
201506,429,墨西哥,22,吉林省,12427615
201506,429,墨西哥,23,黑龙江省,2805037
201506,429,墨西哥,31,上海市,1178308679
201506,429,墨西哥,32,江苏省,338165197
201506,429,墨西哥,33,浙江省,93028165
201506,429,墨西哥,34,安徽省,84927118
201506,429,墨西哥,35,福建省,49082068
201506,429,墨西哥,36,江西省,111646607
201506,429,墨西哥,37,山东省,228964549
201506,429,墨西哥,41,河南省,347196827
201506,429,墨西哥,42,湖北省,113546268
201506,429,墨西哥,43,湖南省,137981078
201506,429,墨西哥,44,广东省,825168378
201506,429,墨西哥,45,广西壮族自治区,55784036
201506,429,墨西哥,46,海南省,640782
201506,429,墨西哥,50,重庆市,204462309
201506,429,墨西哥,51,四川省,15551920
201506,429,墨西哥,52,贵州省,23543
201506,429,墨西哥,53,云南省,228112580
201506,429,墨西哥,61,陕西省,2838361
201506,429,墨西哥,65,新疆维吾尔自治区,1570685
201506,430,蒙特塞拉特,31,上海市,301
201506,430,蒙特塞拉特,32,江苏省,25
201506,431,尼加拉瓜,11,北京市,4359091
201506,431,尼加拉瓜,12,天津市,6047290
201506,431,尼加拉瓜,13,河北省,151964
201506,431,尼加拉瓜,21,辽宁省,4569
201506,431,尼加拉瓜,31,上海市,1939528
201506,431,尼加拉瓜,32,江苏省,842761
201506,431,尼加拉瓜,33,浙江省,1439624
201506,431,尼加拉瓜,37,山东省,793146
201506,431,尼加拉瓜,44,广东省,5604720
201506,432,巴拿马,21,辽宁省,185241657
201506,432,巴拿马,31,上海市,992057
201506,432,巴拿马,33,浙江省,1931478
201506,432,巴拿马,35,福建省,2400580
201506,432,巴拿马,37,山东省,667044
201506,432,巴拿马,44,广东省,4990231
201506,433,巴拉圭,11,北京市,3878
201506,433,巴拉圭,31,上海市,433172
201506,433,巴拉圭,33,浙江省,3819735
201506,433,巴拉圭,35,福建省,150348
201506,433,巴拉圭,36,江西省,1424549
201506,433,巴拉圭,37,山东省,4126124
201506,433,巴拉圭,42,湖北省,876912
201506,433,巴拉圭,44,广东省,2238529
201506,433,巴拉圭,45,广西壮族自治区,3350679
201506,434,秘鲁,11,北京市,414598441
201506,434,秘鲁,12,天津市,107883814
201506,434,秘鲁,15,内蒙古自治区,109610204
201506,434,秘鲁,21,辽宁省,33291273
201506,434,秘鲁,31,上海市,331522253
201506,434,秘鲁,32,江苏省,118199528
201506,434,秘鲁,33,浙江省,389797018
201506,434,秘鲁,34,安徽省,56645394
201506,434,秘鲁,35,福建省,163196378
201506,434,秘鲁,36,江西省,92038031
201506,434,秘鲁,37,山东省,382487171
201506,434,秘鲁,41,河南省,39768253
201506,434,秘鲁,42,湖北省,3564412
201506,434,秘鲁,43,湖南省,259183971
201506,434,秘鲁,44,广东省,151768902
201506,434,秘鲁,45,广西壮族自治区,434760226
201506,434,秘鲁,46,海南省,158650
201506,434,秘鲁,50,重庆市,6201795
201506,434,秘鲁,51,四川省,10127124
201506,434,秘鲁,52,贵州省,900922
201506,434,秘鲁,61,陕西省,42031469
201506,435,波多黎各,11,北京市,5231108
201506,435,波多黎各,12,天津市,5457618
201506,435,波多黎各,13,河北省,141450
201506,435,波多黎各,21,辽宁省,31028383
201506,435,波多黎各,31,上海市,101703579
201506,435,波多黎各,32,江苏省,187050891
201506,435,波多黎各,33,浙江省,10511829
201506,435,波多黎各,35,福建省,758420
201506,435,波多黎各,36,江西省,16611
201506,435,波多黎各,37,山东省,3834069
201506,435,波多黎各,41,河南省,153775
201506,435,波多黎各,44,广东省,48396322
201506,435,波多黎各,61,陕西省,4545568
201506,437,圣卢西亚,12,天津市,631
201506,437,圣卢西亚,31,上海市,14
201506,437,圣卢西亚,44,广东省,7762
201506,440,萨尔瓦多,11,北京市,1213895
201506,440,萨尔瓦多,12,天津市,4238
201506,440,萨尔瓦多,22,吉林省,17011
201506,440,萨尔瓦多,31,上海市,1432734
201506,440,萨尔瓦多,32,江苏省,1045668
201506,440,萨尔瓦多,33,浙江省,65700
201506,440,萨尔瓦多,35,福建省,443062
201506,440,萨尔瓦多,37,山东省,446144
201506,440,萨尔瓦多,42,湖北省,549
201506,440,萨尔瓦多,44,广东省,2937500
201506,440,萨尔瓦多,53,云南省,7031
201506,441,苏里南,12,天津市,86558
201506,441,苏里南,31,上海市,1829388
201506,441,苏里南,32,江苏省,1673323
201506,441,苏里南,33,浙江省,1260310
201506,441,苏里南,35,福建省,248435
201506,441,苏里南,37,山东省,378126
201506,441,苏里南,44,广东省,9918005
201506,441,苏里南,46,海南省,1634604
201506,442,特立尼达和多巴哥,11,北京市,1682766
201506,442,特立尼达和多巴哥,12,天津市,62085
201506,442,特立尼达和多巴哥,31,上海市,479879
201506,442,特立尼达和多巴哥,33,浙江省,568909
201506,442,特立尼达和多巴哥,37,山东省,32746
201506,442,特立尼达和多巴哥,41,河南省,4454
201506,442,特立尼达和多巴哥,44,广东省,27156
201506,443,特克斯和凯科斯群岛,32,江苏省,70
201506,444,乌拉圭,11,北京市,603752972
201506,444,乌拉圭,12,天津市,52571910
201506,444,乌拉圭,13,河北省,3365162
201506,444,乌拉圭,15,内蒙古自治区,3855517
201506,444,乌拉圭,21,辽宁省,27756468
201506,444,乌拉圭,23,黑龙江省,977720
201506,444,乌拉圭,31,上海市,103972062
201506,444,乌拉圭,32,江苏省,149213490
201506,444,乌拉圭,33,浙江省,52961194
201506,444,乌拉圭,34,安徽省,21026596
201506,444,乌拉圭,35,福建省,62959452
201506,444,乌拉圭,36,江西省,1301779
201506,444,乌拉圭,37,山东省,281860238
201506,444,乌拉圭,41,河南省,8377205
201506,444,乌拉圭,44,广东省,21117318
201506,444,乌拉圭,45,广西壮族自治区,20121809
201506,444,乌拉圭,50,重庆市,8753835
201506,444,乌拉圭,51,四川省,158319
201506,445,委内瑞拉,11,北京市,3182225322
201506,445,委内瑞拉,12,天津市,174421
201506,445,委内瑞拉,14,山西省,12328310
201506,445,委内瑞拉,31,上海市,788
201506,445,委内瑞拉,32,江苏省,1011778
201506,445,委内瑞拉,33,浙江省,478138520
201506,445,委内瑞拉,35,福建省,1379046
201506,445,委内瑞拉,37,山东省,280540760
201506,445,委内瑞拉,44,广东省,21656
201506,445,委内瑞拉,61,陕西省,22651542
201506,447,圣基茨和尼维斯,12,天津市,138599
201506,447,圣基茨和尼维斯,44,广东省,20132
201506,501,加拿大,11,北京市,6215066895
201506,501,加拿大,12,天津市,559918425
201506,501,加拿大,13,河北省,67953334
201506,501,加拿大,14,山西省,6625678
201506,501,加拿大,15,内蒙古自治区,3733463
201506,501,加拿大,21,辽宁省,423504769
201506,501,加拿大,22,吉林省,5507793
201506,501,加拿大,23,黑龙江省,64609856
201506,501,加拿大,31,上海市,905897492
201506,501,加拿大,32,江苏省,1621212203
201506,501,加拿大,33,浙江省,864089554
201506,501,加拿大,34,安徽省,302687510
201506,501,加拿大,35,福建省,644077958
201506,501,加拿大,36,江西省,2010089
201506,501,加拿大,37,山东省,865395434
201506,501,加拿大,41,河南省,41779940
201506,501,加拿大,42,湖北省,43756806
201506,501,加拿大,43,湖南省,52925941
201506,501,加拿大,44,广东省,1510659271
201506,501,加拿大,45,广西壮族自治区,769455219
201506,501,加拿大,46,海南省,84812886
201506,501,加拿大,50,重庆市,126438515
201506,501,加拿大,51,四川省,13637611
201506,501,加拿大,52,贵州省,597198
201506,501,加拿大,53,云南省,120611399
201506,501,加拿大,61,陕西省,38880394
201506,501,加拿大,62,甘肃省,4952304
201506,501,加拿大,63,青海省,113466
201506,501,加拿大,64,宁夏回族自治区,728142
201506,501,加拿大,65,新疆维吾尔自治区,15428899
201506,502,美国,11,北京市,14586643778
201506,502,美国,12,天津市,5386148465
201506,502,美国,13,河北省,296469575
201506,502,美国,14,山西省,62864406
201506,502,美国,15,内蒙古自治区,156646182
201506,502,美国,21,辽宁省,1145908827
201506,502,美国,22,吉林省,125001107
201506,502,美国,23,黑龙江省,268782994
201506,502,美国,31,上海市,13417996792
201506,502,美国,32,江苏省,6406084900
201506,502,美国,33,浙江省,2948815934
201506,502,美国,34,安徽省,951887063
201506,502,美国,35,福建省,3152174728
201506,502,美国,36,江西省,252163921
201506,502,美国,37,山东省,3219299208
201506,502,美国,41,河南省,636417833
201506,502,美国,42,湖北省,575953932
201506,502,美国,43,湖南省,524998375
201506,502,美国,44,广东省,13975520100
201506,502,美国,45,广西壮族自治区,92022508
201506,502,美国,46,海南省,1079362346
201506,502,美国,50,重庆市,837343740
201506,502,美国,51,四川省,2525110610
201506,502,美国,52,贵州省,46557047
201506,502,美国,53,云南省,66300781
201506,502,美国,54,西藏自治区,38172355
201506,502,美国,61,陕西省,1526427370
201506,502,美国,62,甘肃省,14144051
201506,502,美国,63,青海省,2183569
201506,502,美国,64,宁夏回族自治区,20599511
201506,502,美国,65,新疆维吾尔自治区,364243980
201506,503,格陵兰,12,天津市,2789530
201506,503,格陵兰,21,辽宁省,3490557
201506,503,格陵兰,31,上海市,865062
201506,503,格陵兰,33,浙江省,1839251
201506,503,格陵兰,37,山东省,27259136
201506,601,澳大利亚,11,北京市,4949973514
201506,601,澳大利亚,12,天津市,2067824147
201506,601,澳大利亚,13,河北省,3929513412
201506,601,澳大利亚,14,山西省,447696562
201506,601,澳大利亚,15,内蒙古自治区,311902031
201506,601,澳大利亚,21,辽宁省,1305426205
201506,601,澳大利亚,22,吉林省,168081154
201506,601,澳大利亚,23,黑龙江省,49583584
201506,601,澳大利亚,31,上海市,5295275733
201506,601,澳大利亚,32,江苏省,4052487537
201506,601,澳大利亚,33,浙江省,2217808846
201506,601,澳大利亚,34,安徽省,552147741
201506,601,澳大利亚,35,福建省,845153930
201506,601,澳大利亚,36,江西省,416706641
201506,601,澳大利亚,37,山东省,3968908201
201506,601,澳大利亚,41,河南省,469141385
201506,601,澳大利亚,42,湖北省,587937390
201506,601,澳大利亚,43,湖南省,527348884
201506,601,澳大利亚,44,广东省,2731837906
201506,601,澳大利亚,45,广西壮族自治区,508281953
201506,601,澳大利亚,46,海南省,4104637
201506,601,澳大利亚,50,重庆市,84593144
201506,601,澳大利亚,51,四川省,72683065
201506,601,澳大利亚,52,贵州省,28491764
201506,601,澳大利亚,53,云南省,84827334
201506,601,澳大利亚,61,陕西省,210985739
201506,601,澳大利亚,62,甘肃省,300191449
201506,601,澳大利亚,63,青海省,48505632
201506,601,澳大利亚,65,新疆维吾尔自治区,1678471
201506,603,斐济,31,上海市,318361
201506,603,斐济,32,江苏省,13504
201506,603,斐济,33,浙江省,1377908
201506,603,斐济,35,福建省,24887897
201506,603,斐济,44,广东省,445653
201506,606,瑙鲁,31,上海市,13718
201506,606,瑙鲁,32,江苏省,56741
201506,607,新喀里多尼亚,14,山西省,110029659
201506,607,新喀里多尼亚,21,辽宁省,150961641
201506,607,新喀里多尼亚,31,上海市,4479
201506,607,新喀里多尼亚,32,江苏省,10695127
201506,607,新喀里多尼亚,33,浙江省,2705467
201506,607,新喀里多尼亚,35,福建省,49294247
201506,607,新喀里多尼亚,44,广东省,3588254
201506,607,新喀里多尼亚,51,四川省,43490650
201506,608,瓦努阿图,35,福建省,4543745
201506,608,瓦努阿图,37,山东省,6494778
201506,608,瓦努阿图,44,广东省,302872
201506,608,瓦努阿图,61,陕西省,1369109
201506,609,新西兰,11,北京市,264946728
201506,609,新西兰,12,天津市,177745582
201506,609,新西兰,13,河北省,18165723
201506,609,新西兰,15,内蒙古自治区,17109805
201506,609,新西兰,21,辽宁省,246586320
201506,609,新西兰,22,吉林省,2391811
201506,609,新西兰,23,黑龙江省,11877330
201506,609,新西兰,31,上海市,602380196
201506,609,新西兰,32,江苏省,287014204
201506,609,新西兰,33,浙江省,308527875
201506,609,新西兰,34,安徽省,22232433
201506,609,新西兰,35,福建省,130541199
201506,609,新西兰,36,江西省,2766200
201506,609,新西兰,37,山东省,390722922
201506,609,新西兰,41,河南省,4573793
201506,609,新西兰,42,湖北省,128611
201506,609,新西兰,43,湖南省,14363966
201506,609,新西兰,44,广东省,492508054
201506,609,新西兰,45,广西壮族自治区,35444574
201506,609,新西兰,46,海南省,1049101
201506,609,新西兰,50,重庆市,17382642
201506,609,新西兰,51,四川省,125475490
201506,609,新西兰,53,云南省,337457
201506,609,新西兰,61,陕西省,1899832
201506,609,新西兰,62,甘肃省,2781188
201506,609,新西兰,63,青海省,988982
201506,611,巴布亚新几内亚,11,北京市,357232722
201506,611,巴布亚新几内亚,12,天津市,1380655
201506,611,巴布亚新几内亚,13,河北省,2080199
201506,611,巴布亚新几内亚,22,吉林省,19985545
201506,611,巴布亚新几内亚,31,上海市,1336529
201506,611,巴布亚新几内亚,32,江苏省,24006184
201506,611,巴布亚新几内亚,33,浙江省,190133457
201506,611,巴布亚新几内亚,35,福建省,8026435
201506,611,巴布亚新几内亚,37,山东省,3056
201506,611,巴布亚新几内亚,43,湖南省,14508551
201506,611,巴布亚新几内亚,44,广东省,58877143
201506,611,巴布亚新几内亚,45,广西壮族自治区,20020692
201506,611,巴布亚新几内亚,62,甘肃省,81046917
201506,613,所罗门群岛,11,北京市,38871143
201506,613,所罗门群岛,32,江苏省,118881332
201506,613,所罗门群岛,33,浙江省,49050305
201506,613,所罗门群岛,37,山东省,17457577
201506,613,所罗门群岛,44,广东省,29101614
201506,617,萨摩亚,32,江苏省,42629
201506,618,基里巴斯,21,辽宁省,539526
201506,620,密克罗尼西亚联邦,45,广西壮族自治区,645
201506,623,法属波利尼西亚,11,北京市,228577
201506,623,法属波利尼西亚,31,上海市,1286961
201506,623,法属波利尼西亚,35,福建省,137891
201506,623,法属波利尼西亚,44,广东省,225261
201506,699,大洋洲其他国家(地区),33,浙江省,555815
201506,701,国家(地区)不明,11,北京市,4951343
201506,701,国家(地区)不明,12,天津市,497946
201506,701,国家(地区)不明,13,河北省,15718
201506,701,国家(地区)不明,14,山西省,223671
201506,701,国家(地区)不明,21,辽宁省,3850238
201506,701,国家(地区)不明,22,吉林省,48526
201506,701,国家(地区)不明,23,黑龙江省,7727
201506,701,国家(地区)不明,31,上海市,27719140
201506,701,国家(地区)不明,32,江苏省,15368710
201506,701,国家(地区)不明,33,浙江省,541957
201506,701,国家(地区)不明,34,安徽省,70636
201506,701,国家(地区)不明,35,福建省,1715615
201506,701,国家(地区)不明,36,江西省,293439
201506,701,国家(地区)不明,37,山东省,3804138
201506,701,国家(地区)不明,41,河南省,7608121
201506,701,国家(地区)不明,42,湖北省,165013
201506,701,国家(地区)不明,43,湖南省,484
201506,701,国家(地区)不明,44,广东省,110013451
201506,701,国家(地区)不明,45,广西壮族自治区,3158
201506,701,国家(地区)不明,50,重庆市,186666
201506,701,国家(地区)不明,51,四川省,606006772
201506,701,国家(地区)不明,61,陕西省,2258
